https://zingnews.vn/,,,,,[],
https://zingnews.vn/,,,,,[],
https://zingnews.vn/suc-khoe.html,,,,,[],
https://zingnews.vn/esports.html,,,,,[],
https://zingnews.vn/dinh-duong.html,,,,,[],
https://zingnews.vn/internet.html,,,,,[],
https://zingnews.vn/bong-da-anh.html,,,,,[],
https://zingnews.vn/khoe-dep.html,,,,,[],
https://zingnews.vn/benh-thuong-gap.html,,,,,[],
https://zingnews.vn/me-va-be.html,,,,,[],
https://zingnews.vn/the-thao.html,,,,,[],
https://zingnews.vn/bong-da-viet-nam.html,,,,,[],
https://zingnews.vn/cong-nghe.html,,,,,[],
https://zingnews.vn/ttdn.html,,,,,[],
https://zingnews.vn/thuong-mai-dien-tu.html,,,,,[],
https://zingnews.vn/tieu-dung.html,,,,,[],
https://zingnews.vn/gai-ban-dam-an-do-bi-ep-tiep-khach-bat-chap-covid-19-post1120192.html,,,"Để thích nghi với tình thế mà dịch Covid-19 tạo ra, những người hành nghề mại dâm ở đất nước đông dân thứ hai thế giới phải sáng tạo nhằm cung cấp các loại hình dịch vụ mới.",Thế giới,[],"Hàng trăm nghìn gái bán hoa ở Ấn Độ đã thất nghiệp và mất nguồn thu nhập chính kể từ khi chính phủ nước này ban bố tình trạng phong tỏa lần đầu tiên vào ngày 25/3, do số ca nhiễm Covid-19 tăng mạnh, lên đến gần 2,5 triệu trường hợp dương tính và hơn 48.000 ca tử vong.
Những người hoạt động trong ngành dịch vụ này dù rất chật vật song vẫn cố gắng tìm cách kiếm sống qua ngày.
“Tính đến cuối tháng 6, cảnh sát Mumbai siết chặt tình hình đến nỗi hầu như không có nhà thổ nào ở phố Kamathipura hoạt động được”, Priti Patkar, giám đốc tổ chức phi chính phủ Đồng lòng chống buôn người (PAT) có trụ sở tại Mumbai, cho biết.
Từ khi đại dịch đổ bộ, chính phủ Ấn Độ đã cung cấp viện trợ dưới nhiều hình thức khác nhau cho người dân gặp khó khăn về tài chính, kể cả những người hành nghề mại dâm. Tuy nhiên, nhóm đối tượng này vẫn gặp khó khăn chồng chất. 
“Mặc dù được trợ cấp lương thực và hỗ trợ chi phí điện nước, những  phụ nữ làm nghề bán dâm vẫn không đủ khả năng chi trả tiền thuê nhà và các khoản sinh hoạt phí khác”, bà Patkar nói thêm.
Lý do là “chính phủ chỉ cung cấp gói cứu trợ cho những người có thể xuất trình tem phiếu - một loại thẻ do nhà nước Ấn Độ cấp quy định khẩu phần mặt hàng nhu yếu phẩm mà công dân nước này được phép mua. Hơn 50% người hành nghề mại dâm trên khắp Ấn Độ không có tem phiếu hoặc các loại giấy tờ hợp pháp tương tự”, Smarajit Jana, cố vấn Ủy ban Phụ nữ Đoàn kết Ấn Độ (DMSC), cho biết.
DMSC, tổ chức đại diện cho hơn 65.000 phụ nữ hoạt động trong ngành dịch vụ mua bán dâm ở Ấn Độ, đang trong quá trình hỗ trợ cung cấp các loại nhu yếu phẩm cho những người hành nghề mại dâm đang gặp khó khăn do đại dịch. DMSC hoạt động chủ yếu ở Sonagachi thuộc Kolkata, khu phố đèn đỏ lớn nhất châu Á.
Ngay khi chính phủ Ấn Độ nới lỏng các quy định cách ly xã hội vào tháng 5, các phố đèn đỏ và hệ thống nhà thổ nước này ngay lập tức rục rịch hoạt động trở lại.
“Chúng tôi đã tiến hành kiểm tra thân nhiệt và xem xét các triệu chứng trước khi cho phép khách hàng tiến vào phố đèn đỏ. Chúng tôi cũng vệ sinh phòng ốc trước và sau khi khách hàng rời đi”, Kajol Bose, người hành nghề bán dâm và là thư ký của DMSC, cho biết.
“Một số gái bán hoa cao cấp có thể kiếm tiền dựa vào các dịch vụ bán dâm qua điện thoại và Internet, nhưng không phải ai cũng có khả năng kiếm tiền từ các phương tiện đó”, Bose nói thêm.
Một góc phố đèn đỏ ở Mumbai. Ảnh: Humanosphere.
Bà Patkar, giám đốc PAT, cho biết các dịch vụ bán dâm qua điện thoại là một lựa chọn không tồi, nhưng không phù hợp với mọi tầng lớp ở Ấn Độ, đặc biệt là trong tình hình đại dịch làm đình trệ các hoạt động kinh tế, gây thất thoát thu nhập cho nhiều người.
“Đây là loại hình dịch vụ chỉ dành cho nhóm khách hàng có thu nhập trung bình và cao. Nhưng gái bán hoa với chi phí rẻ lại không có đủ kỹ năng, không gian và mạng lưới hoạt động cần thiết đủ cung cấp loại dịch vụ này”, bà Patkar nhận xét.
Hiểu được tình thế khó khăn của phụ nữ hành nghề bán dâm do đại dịch gây ra, các tổ chức phi chính phủ ở Ấn Độ đã tạo điều kiện giúp những người này chọn công việc khác để kiếm sống.
Các tổ chức nói trên hỗ trợ vốn và hướng dẫn những người từng làm trong ngành dịch vụ mại dâm thành lập các doanh nghiệp nhỏ như cửa hàng bán cá khô, rau củ hoặc quầy trà.
Nhiều thành viên của DMSC được tuyển dụng vào các nhà máy sản xuất khẩu trang và chất diệt khuẩn - những mặt hàng đang có nhu cầu lớn trên thị trường.
Sự giúp đỡ để thay đổi công việc mùa dịch có ý nghĩa rất lớn đối với những người hành nghề mại dâm, bởi họ là đối tượng nằm trong nhóm chịu ảnh hưởng nặng nề nhất của Covid-19.
Phần lớn gái mại dâm Ấn Độ là nạn nhân của các vụ buôn người. Ảnh: Reuters.
Không chỉ gặp khó khăn về tài chính, gái bán hoa ở Ấn Độ còn bị các nhà thổ ép phải tiếp khách bất chấp nguy cơ lây nhiễm virus hay đối mặt với sự phân biệt đối xử và kỳ thị từ xã hội.
Phần lớn những người hành nghề mại dâm ở Ấn Độ không tự nguyện chọn con đường kiếm sống này, mà là nạn nhân của các vụ buôn bán người. Theo Cục Hồ sơ tội phạm Ấn Độ, các thành phố lớn như Mumbai hay Kolkata chiếm phần lớn số vụ buôn bán phụ nữ và trẻ em, và những người này gần như không có cách nào thoát khỏi hoạt động mại dâm và quay trở lại quê nhà.
Mira, gái bán hoa ở quận Kamathipura thuộc Mumbai chia sẻ: “Tôi không có quyền lựa chọn để về quê. Tôi phải tìm công việc khác để kiếm sống ở đây. Giao cho tôi bất kỳ việc gì có thể làm ra tiền, tôi sẽ học và làm công việc đó bất kể ra sao”.

Mại dâm ở Italy hoàn toàn hợp pháp, song cũng không hẳn là một nghề chính thức. Covid-19 đã buộc những người hành nghề mại dâm chấp nhận rủi ro để không rơi vào cảnh túng quẫn.

Ghislaine Maxwell, bạn gái và cộng sự lâu năm của tỷ phú ấu dâm Jeffrey Epstein, bị bắt hôm 2/7 ở New Hampshire vì cáo buộc dụ dỗ các cô gái vị thành niên để lạm dụng tình dục.

Hàng nghìn lao động tình dục ở Bangladesh đang phải nhịn đói và nhiều người phải đối mặt với sự ngược đãi vì họ không thể trả tiền cho người dắt khách giữa đại dịch virus corona."
https://zingnews.vn/huyen-thoai-man-city-thong-bao-giai-nghe-post1120838.html,,,Vincent Kompany quyết định giã từ sự nghiệp cầu thủ để tập trung cho vị trí huấn luyện viên trưởng đội bóng Anderlecht.,Thể thao,[],"Chiều 17/8 (giờ Hà Nội), trang chủ đội bóng Anderlecht xác nhận thông tin Kompany giải nghệ. 
""Tôi muốn hoàn toàn tập trung vào vai trò huấn luyện viên. Đó là lý do  tôi quyết định giải nghệ với tư cách cầu thủ chuyên nghiệp. Tôi  muốn ở lại với đội ít nhất 4 mùa giải và chứng minh Anderlecht có  thể chơi thứ bóng đá hiện đại, gặt hái thành công"", BBC trích dẫn chia  sẻ của cựu đội trưởng Man City.
Kompany gia nhập Man City từ Hamburg vào năm 2008 và giúp đội bóng trở thành thế lực mới ở Premier League. Anh là bản hợp đồng cuối cùng của Man City trước khi đội bóng được tỷ phú Sheikj Mansour tiếp quản.
Kompany giải nghệ ở tuổi 34. Ảnh: Getty Images.
Anh có tổng cộng 360 lần ra sân cho Man City, ghi 20 bàn thắng và nổi tiếng với cú sút uy lực trong trận gặp Leicester vào năm 2018. Bàn thắng này gợi nhớ đến pha lập công của chính trung vệ người Bỉ ở derby thành Manchester ngày 30/4/2012, giúp đội chủ sân Etihad đánh bại kình địch 1-0 và giành chức vô địch kịch tính ở mùa giải đó.
Trung vệ người Bỉ giành 4 chức vô địch Premier League, 2 danh hiệu FA Cup cùng 4 lần lên ngôi tại League Cup, trong sự nghiệp 11 năm gắn bó với Man City. Anh rời đội bóng nửa xanh thành Manchester vào năm ngoái và trải qua mùa giải với tư cách cầu thủ kiêm huấn luyện viên cho Anderlecht.
Kompany lần đầu ra mắt tuyển Bỉ vào năm 2010 và có tổng cộng 89 lần khoác áo tuyển quốc gia, ghi 4 bàn thắng. Anh cùng đội giành hạng 3 tại World Cup 2018.

Cựu đội trưởng Man City gây ấn tượng với hành động bảo vệ thủ môn đối phương khi các cổ động viên của Anderlecht ném pháo sáng xuống sân cản trở trận đấu."
https://zingnews.vn/mobile.html,,,,,[],
https://zingnews.vn/4-quan-banh-cuon-thu-hut-tin-do-am-thuc-o-sai-thanh-post1120434.html,,,"Những đĩa bánh cuốn thơm ngon, nóng hổi luôn có sức hút đặc biệt với tín đồ ẩm thực. Dưới đây là 4 quán bánh cuốn ngon, có tuổi đời hàng chục năm ở TP.HCM.",Ẩm thực,[],"Bánh cuốn là món ăn có nguồn gốc từ vùng Bắc Bộ với phần nguyên liệu chính được làm chủ yếu từ bột gạo hòa cùng nước theo tỷ lệ hợp lý, rồi tráng mỏng trên xửng hấp thật nóng. Sau khi chín, bánh cuốn nóng mềm, bên trong mỗi lớp vỏ mịn thơm này là lớp nhân thịt hấp dẫn.
Quán Tây Hồ đã có từ năm 1961, được nhiều thực khách trong và ngoài nước đến thưởng thức. Bánh cuốn Tây Hồ mang hương vị gần giống với bánh cuốn ngoài Bắc, mỗi phần ăn thông thường gồm 4 cuốn, ăn kèm bánh tôm mỏng giòn cùng các loại chả, nem chua độc đáo chỉ có tại quán. Đặc biệt, nước chấm ở đây có pha thêm vài giọt tinh dầu cà cuống giúp làm nổi vị. 
Với giá trung bình khoảng 40.000-60.000 đồng, du khách có thể thưởng thức một phần bánh cuốn nóng hổi mang hương vị lạ như nấm linh chi, trứng gà.... Ngoài ra, quán còn bán chả lụa, chả quế, nem Huế cũng khá hấp dẫn thực khách. 
Địa chỉ: Đinh Tiên Hoàng, quận 1, TP.HCM.
Bánh cuốn Tây Hồ có thâm niên gần 60 năm. Ảnh: Tienphan_sj, Aly_eats_cali.
Bánh cuốn Hải Nam là một trong những quán bánh cuốn lâu đời nhất ở TP.HCM. Bánh cuốn ở đây có lớp bột mỏng mịn, deo dẻo bọc ngoài 2 loại nhân đầy ắp là củ sắn, thịt hoặc tôm được xào qua và nêm nếm vừa vặn. Không giống các quán khác, rau ăn kèm tại Hải Nam là xà lách xắt sợi nhuyễn, không phải rau thơm. Hành phi tự làm vàng ruộm, thơm lừng và giòn tan ở đây cũng khiến nhiều người mê mẩn. 
Ngoài bánh cuốn thơm ngon, những chiếc bánh tôm của quán cũng là điểm nhấn mà không thực khách nào có thể bỏ qua khi đến đây, với phần nhân đậu đầy đặn được chiên giòn rụm. Tuy nhiên, diện tích của quán khá nhỏ và giá hơi cao từ 44.000-80.000 đồng/suất. 
Địa chỉ: Cao Thắng, phường 2, quận 3, TP.HCM.
Một phần ăn đầy đủ gồm bánh cuốn, rau, bánh tôm, chả, nem. Ảnh: Thanislim, _Imbabydog.
Bánh cuốn Song Mộc có tuổi đời gần 70 năm, gắn liền với bao thế hệ người Sài thành. Quán luôn thu hút đông đảo thực khách đến thưởng thức, đặc biệt vào buổi sáng. Bột bánh ở đây tráng vừa chín tới, có độ mềm dai, song vẫn giữ được độ mỏng nhất định, có thể thấy phần nhân thịt lấp ló bên trong.
Đặc biệt điểm riêng của quán là phần chả quế để nguyên thành khối bự, không cắt thành lát như những nơi khác. Quán chỉ mở buổi sáng từ 6h-12h hàng ngày. Giá: 45.000 đồng/suất. 
Địa chỉ: Vườn Chuối, phường 4, quận 3, TP.HCM.
Bánh cuốn Song Mộc là quán ăn quen thuộc của nhiều người ở TP.HCM. Ảnh: Anxoancyrus, Trungleus.
Quán bánh cuốn nóng được người ta gọi với nhiều cái tên truyền tai nhau như bánh cuốn Bà Bắc, bánh cuốn Bà Hùng, bánh cuốn Bà Cụ. Quán đã mở được hơn 50 năm, không biển hiệu nhưng vẫn luôn thu hút đông đảo thực khách ghé đến. Bánh cuốn ở đây không có những nguyên liệu đặc biệt, mà chỉ được chọn lọc kỹ càng, cùng tay nghề của người chế biến mà trở nên thơm ngon. 
Một cuốn bánh có nhân thịt bằm và nấm mèo nhuyễn béo ngậy, ăn kèm là ít rau giá, hành phi và ba loại chả lụa, chả quế, chả chiên tùy yêu cầu thực khách. Quán chỉ mở từ 6h-10h hàng ngày, mỗi phần bánh có giá bình dân từ 22.000-40.000 đồng. 
Địa chỉ: Nguyễn Đình Chiểu, quận 3, TP.HCM.
Quán được nhiều người đánh giá mang hương vị đặc biệt. Ảnh: Chanlovefoods, Now.vn_saigon."
https://zingnews.vn/careers/,,,,,[],
https://zingnews.vn/lien-he.html,,,,,[],
https://zingnews.vn/hoc-vien-dr-belter-va-phuong-cham-tuyen-sinh-gan-lien-tuyen-dung-post1119761.html,,,"Với thời gian đào tạo ngắn, thu nhập tốt cùng phương châm “tuyển sinh gắn liền tuyển dụng”, theo học tại Học viện Dr.Belter là lựa chọn hợp lý của những ai theo đuổi ngành spa.",Nhịp sống,[],"Giáo dục nghề nghiệp ngày càng khẳng định được vị thế trong xã hội cũng như thị trường lao động bởi chất lượng đào tạo, gắn kết chặt giữa tuyển sinh với tuyển dụng.
Bà Nguyễn Thị Thắm - Giám đốc điều hành Học viện Dr.Belter, cho biết: “Với phương châm tuyển sinh gắn liền với tuyển dụng, Học viện đào tạo Dr.Belter liên kết hợp tác với hơn 20 spa hàng đầu tại Việt Nam. Chúng tôi hiện sở hữu 2 hệ thống spa Dạ Yến Thảo và Viện thẩm mỹ Petunia, hỗ trợ tích cực cho học viên trong quá trình thực hành, đảm bảo việc làm cho tất cả học viên theo học nghề tại đây”.
Học viên sau khi tốt nghiệp được giới thiệu việc làm tại Viện thẩm mỹ Petunia, trực thuộc Học viên đào tạo Dr.Belter.
Với tôn chỉ học thật - làm thật - thành công thật, cùng đội ngũ chuyên gia hơn 15 năm kinh nghiệm trong lĩnh vực chăm sóc da, Học viện Dr.Belter thu hút hơn 1.000 học viên theo học. Tất cả đều có công việc đúng chuyên ngành sau đào tạo.
Thời lượng thực hành lên tới 90%, hệ thống máy móc hiện đại là những yếu tố hỗ trợ học viên trong suốt quá trình học.
Học viên Mai Anh cho biết: “Tôi hoàn thành khoá học chăm sóc da sau 3 tháng. Hiện tôi nắm vững các kỹ thuật chăm sóc da chuyên nghiệp, các loại mỹ phẩm, hoàn thiện được kỹ năng giao tiếp với khách. Sắp tới, tôi sẽ vào làm tại Viện thẩm mỹ Petunia với mức thu nhập khoảng 10 triệu đồng/tháng. Với mức lương này, tôi có thể tự lo cho bản thân và để dành một phần cho kế hoạch riêng”.
Một trong những ưu thế của Học viện đào tạo Dr.Belter là sở hữu 2 chuỗi spa Dạ Yến Thảo và Viện thẩm mỹ Petunia cùng hệ thống phòng đào tạo, thực hành chuyên biệt dành cho học viên. Đây là nền tảng hỗ trợ tích cực cho học viên thực hành, làm chủ kỹ năng nghề nghiệp sau 2-3 tháng học tập, tự tin hành nghề chăm sóc da tại các cơ sở spa. Ngoài ra, học viện còn có chính sách hỗ trợ chỗ ở miễn phí cho học viên ngoại tỉnh, tạo thuận tiện trong việc đi lại và tiết kiệm chi phí sinh hoạt, học tập.
Học viên có nhu cầu thành lập spa sẽ được Dr.Belter tư vấn xây dựng hệ thống, phát triển thương hiệu và kỹ năng bán hàng.
Kết thúc khoá học, học viên được nhận chứng chỉ nghề chuẩn do Sở Giáo dục và Đào tạo hoặc Bộ Lao động - Thương binh và Xã hội cấp. Lấy chất lượng đào tạo làm gốc, đảm bảo đầu ra cho toàn bộ học viên theo học, tạo nhiều cơ hội phát triển nghề nghiệp là những yếu tố giúp Dr.Belter chinh phục được niềm tin của người lao động có đam mê với nghề spa. Độc giả tham khảo chi tiết các khóa học tại đây.
Học viện Dr.Belter
ĐT: 0971272755 | Website: www.daotaothammy.net"
https://zingnews.vn/fpt-shop-giam-200000-dong-cho-xiaomi-redmi-note-9-series-post1119792.html,,,"Khách hàng chọn mua bộ đôi điện thoại Xiaomi Redmi Note 9 series tại FPT Shop được giảm 200.000 đồng, trả góp 0% lãi suất với khoản trả trước từ 499.000 đồng, bảo hành 18 tháng.",Nhịp sống,[],"Xiaomi Redmi Note 9 series gây ấn tượng với người yêu công nghệ bởi hiệu năng mạnh mẽ, camera cao cấp, dung lượng pin tốt cùng giá thành chưa đến 7 triệu đồng. Redmi Note 9 và Redmi Note 9 Pro lần lượt sở hữu bộ 4 camera sau 48 MP và 64 MP. Các tính năng chụp hình chuyên nghiệp như chụp góc siêu rộng, siêu cận, chụp đêm, quay video 4K được trang bị trên 2 sản phẩm này, giúp người dùng lưu giữ mọi khoảnh khắc qua những bức ảnh và thước phim sắc nét. 
Về cấu hình, Redmi Note 9 series dùng bộ vi xử lý tốc độ cao mang đến trải nghiệm mượt mà cho người dùng smartphone giá rẻ trong mọi tác vụ, kể cả khi chơi các tựa game nặng. Kết hợp thêm viên pin dung lượng 5.020 mAh, người dùng có thể sử dụng máy tới 2 ngày mà không cần sạc. 
Giá bán hiện nay của bộ đôi smartphone tại FPT Shop lần lượt là 4,99 triệu đồng cho Redmi Note 9 và từ 6,49 triệu đồng cho Redmi Note 9 Pro. Khách hàng có cơ hội sở hữu máy với giá rẻ hơn 200.000 đồng khi chọn mua sản phẩm tại FPT Shop từ 20/8 đến 23/8 hoặc vào các ngày thứ bảy, chủ nhật trong tháng 8. Giá về tay của Redmi Note 9 còn 4,79 triệu đồng và Redmi Note 9 Pro từ 6,29 triệu đồng. 
Khách hàng cũng có thể chọn mua trả góp 0% lãi suất các sản phẩm này với khoản trả trước từ 499.000 đồng. Với 2 loại giấy giờ cơ bản là chứng minh nhân dân và bằng lái xe (hoặc sổ hộ khẩu) cùng 15 phút xét duyệt, khách hàng có thể mang chiếc smartphone này về nhà. 
Bên cạnh đó, khách hàng còn được nhận thêm nhiều quà tặng thiết thực khác như bảo hành 18 tháng, tặng phiếu mua hàng trị giá 100.000 đồng mua thiết bị đeo Xiaomi và tặng suất mua đồng hồ thời trang giảm giá đến 40% khi mua kèm điện thoại, laptop. 
Từ nay đến 31/8, FPT Shop tài trợ 100% lãi suất cho Xiaomi Redmi Note 9 series.
Ngoài ra, FPT Shop tiếp tục chính sách giao hàng tận nhà miễn phí nhằm đảm bảo an toàn cho khách hàng trong tình hình dịch Covid-19 còn nhiều diễn biến phức tạp. Cách thức thanh toán đa dạng, khách hàng có thể lựa chọn thanh toán trực tiếp khi nhận hàng hoặc thanh toán online qua thẻ, hạn chế tiếp xúc với tiền mặt. 
Để chọn mua điện thoại với nhiều ưu đãi từ FPT Shop, khách hàng có thể đến mua trực tiếp tại cửa hàng, mua online tại đây hoặc gọi đến tổng đài miễn cước 18006601 để được hỗ trợ nhanh nhất.
Chọn mua điện thoại, laptop, phụ kiện… tại FPT Shop, khách hàng không chỉ được tặng nhiều ưu đãi hấp dẫn, mà còn hưởng thêm các dịch vụ hỗ trợ, giúp dễ dàng sở hữu món hàng công nghệ yêu thích, an tâm sử dụng sản phẩm.
 Ngoài việc trải nghiệm và chọn mua sản phẩm trực tiếp tại hệ thống hơn 630 cửa hàng trên toàn quốc, khách hàng có thể chọn mua online, FPT Shop giao hàng tận nơi miễn phí.
Bên cạnh đó, sản phẩm tại FPT Shop được bảo hành theo IMEI nên chính xác và thuận tiện, khách hàng không phải lo bị mất giấy tờ, hóa đơn. Khách hàng còn được miễn phí một đổi một trong 30 ngày nếu sản phẩm mua phát sinh lỗi do nhà sản xuất. Riêng phụ kiện được bảo hành một đổi một trong một năm.
FPT Shop giao hàng tận nơi miễn phí, cam kết giữ khoảng cách và vệ sinh an toàn trong mùa Covid-19.
Những ai đang băn khoăn về vấn đề tài chính có thể chọn mua trả góp 0% lãi suất bởi thủ tục trả góp đơn giản, hồ sơ được duyệt trong vòng 15 phút. Khách hàng có thể được hỗ trợ từ xa mà không cần đến cửa hàng. FPT Shop có nhiều hình thức trả góp như trả góp 0% lãi suất hay trả trước 0 đồng với nhiều nhà tài chính và ngân hàng uy tín. Ngoài ra, khi chọn mua trả góp hầu hết sản phẩm tại FPT Shop, khách hàng vẫn nhận được đầy đủ ưu đãi tương tự mua trả thẳng.
Sản phẩm mua tại FPT Shop là hàng chính hãng, khách hàng có thể chọn mua trực tiếp tại hệ thống hơn 630 cửa hàng trên toàn quốc, mua online hoặc gọi hotline 18006601 để được tư vấn, mua hàng nhanh."
https://zingnews.vn/video-them-ca-nhiem-ncov-nhap-canh-mot-nguoi-tu-vong-post1119984.html,,,,,[],
https://zingnews.vn/cong-ty-huong-loi-mua-covid-19-post1115705.html,,,Sony cho biết lợi nhuận quý II tăng đến 53% do nhiều người chọn cách ở nhà chơi game. Các mảng trực tuyến khác cũng phát triển mạnh.,Công nghệ,[],"Nhiều công ty dịch vụ trực tuyến tăng lợi nhuận nhờ đại dịch Covid-19, trong đó có Sony.
Tập đoàn Nhật Bản cho hay lợi nhuận quý II tăng đến 53% do nhiều người chọn cách ở nhà chơi game. Các mảng trực tuyến khác cũng phát triển mạnh. Cụ thể, công ty thu được khoản lãi 2,2 tỷ USD, tăng so với 1,4 tỷ USD cùng kỳ năm trước.
Sony cho biết phân khúc stream nhạc phát triển tốt với lý do tương tự. Tuy vậy, những hoạt động khác trong mảng vẫn bị ảnh hưởng.
Mảng phim sẽ chịu thiệt hại trong 2-3 năm tới vì các dự án bị hoãn và chỗ ngồi trong rạp chiếu bị giới hạn vì đại dịch. Nhu cầu người tiêu dùng đối với các sản phẩm điện tử như máy ảnh, TV và các thiết bị khác cũng giảm mạnh.
Sony báo lãi lớn trong mùa dịch nhờ game. Ảnh: AP.
Các dịch vụ game của Sony đã có bước phát triển lớn trong nửa đầu năm nay. Hiện có 45 triệu người đăng ký PlayStation Plus. Công ty cũng đang lên kế hoạch nâng cấp dịch vụ này vì cuối năm nay, PlayStation 5 sẽ được ra mắt.
Dịch vụ tài chính của Sony cũng đi lên trong quý này này nhờ bảo hiểm và ngân hàng trực tuyến đều tăng doanh thu. Tuy nhiên, nhu cầu về cảm biến cho các sản phẩm máy ảnh kỹ thuật số lại giảm mạnh. Công ty dự kiến lợi nhuận cuối năm tài khóa đạt mức 4,8 tỷ USD, giảm 12% so với năm trước.
Nhiều nhà máy Sony ở Trung Quốc, Malaysia tạm thời ngừng hoạt động, một phần nguyên nhân nhiều nhân viên không thể đến công ty. 

New York Times đưa tin William English, người đồng phát minh ra chuột máy tính đã qua đời ngày 26/7 ở tuổi 91 do suy hô hấp."
https://zingnews.vn/video-benh-nhan-mac-covid-19-nho-tuoi-nhat-o-da-nang-xuat-vien-post1119211.html,,,,,[],
https://zingnews.vn/video-dich-covid-19-lan-den-hai-duong-post1119510.html,,,,,[],
https://zingnews.vn/video-183-nguoi-ve-tu-guinea-xich-dao-het-cach-ly-post1119632.html,,,,,[],
https://zingnews.vn/ban-khong-nen-mua-tay-cam-playstation-4-luc-nay-post1115252.html,,,"Game cho PlayStation 5 sẽ không tương thích với tay cầm chơi game của PlayStation 4, bao gồm cả DualShock 4 của Sony hay các gamepad bên thứ 3 khác.",Công nghệ,[],"Sony cho biết những chiếc tay cầm cũ vẫn dùng được cho các trò chơi PlayStation 4 (PS4) có trên PS5. Các thiết bị ngoại vi của PS4 vẫn hoạt động bình thường trên PS5 bao gồm cả vô-lăng, bộ điều khiển arcade stick. 
Ngoài ra, nhiều cải tiến mới sẽ đem lại cảm giác chơi game thực hơn, ""PS5 còn tích hợp micro cho phép người chơi trò chuyện với bạn trong game mà không cần tai nghe có micro như trước"", Sony cho biết.
Đa số các tay cầm của Sony không được hỗ trợ trên hệ thống máy chơi game thế hệ tiếp theo. Ảnh: Sony.
Trái với Sony, Microsoft cho phép tay cầm các dòng máy hiện tại có thể tương thích với dòng máy tiếp theo. Microsoft hứa hẹn “các trò chơi trên Xbox One sẽ đồng hành với bạn đến tương lai” khi Xbox Series X sắp ra mắt. Dù cảm biến Kinect bị loại bỏ, tay cầm như Xbox Elite và Xbox Adaptive vẫn dùng được cho Xbox Series X.
“Chúng tôi tin rằng những thứ bạn đầu tư cho việc chơi game sẽ đi cùng bạn trong thời gian dài”, Microsoft cho biết.
Tuy nhiên, Sony cho hay bộ điều khiển PlayStation Move phát hành năm 2010 cho PS3 sẽ tiếp tục tương thích với các trò PlayStation VR trên PS5. PlayStation Camera của PS4 cũng sẽ hoạt động trên PS5, người dùng sẽ kết nối bằng bộ chuyển đổi được Sony cung cấp miễn phí.
Mặc dù các bộ điều khiển DualShock của PS1 dùng được với một số trò PS 2 nhất định và tất cả các tựa game PS1 có trên PS2, đa số tay cầm của Sony không được hỗ trợ trên hệ thống máy chơi game thế hệ tiếp theo. Tuy nhiên, các thiết bị ngoại vi của các bên thứ ba giúp tay cầm thế hệ cũ có thể tiếp tục dùng được. 

Bộ phụ kiện này có thể khiến các fan của ""7 viên ngọc rồng"" cảm thấy háo hức."
https://zingnews.vn/game-may-bay-2-trieu-gb-cua-microsoft-co-gia-gan-2-7-trieu-dong-post1115382.html,,,"Bên cạnh phiên bản Premium Deluxe Edition có mức giá khá cao, người chơi có thể sở hữu các bản Standard Edition, Deluxe Edition giá rẻ hơn.",Công nghệ,[],"Tựa game mô phỏng lái máy bay siêu thực Flight Simulator của Microsoft sẽ chính thức có mặt trên Steam vào ngày 18/8 tới. Hiện người chơi đã có thể đặt trước 3 phiên bản khác nhau.
Cụ thể, bản Standard Edition sẽ có  20 máy bay, 30 sân bay được thiết kế chi tiết. Bản Deluxe Edition có 25 máy bay, 35 sân bay. Cuối cùng, Premium Deluxe Edition có 30 máy bay và 40 sân bay. Đây là số lượng sân bay, máy bay được nhà sản xuất thiết kế chi tiết trong hơn 37.000 sân bay, hàng chục máy bay khác nhau.
Trên Steam, giá bán của Premium Deluxe là 2,7 triệu đồng, Deluxe là 2 triệu đồng và 1,3 triệu đồng với Standard. Bên cạnh Steam, game cũng sẽ ra mắt trên Microsoft Store và Xbox Game Pass.
Tất cả dữ liệu trong game tương đương khoảng 2.000 TB. Ảnh: Microsoft.
Người chơi cũng có thể sở hữu Flight Simulator dưới dạng đĩa bao gồm 10 đĩa chứa khoảng 90 GB dữ liệu, sách hướng dẫn, mã game mô phỏng, nội dung stream online và các tập tin của bên thứ 3.
Khi cài đặt, game sẽ lập tức cập nhật tất cả tập tin lấy từ máy chủ vì là game mô phỏng phụ thuộc khá nhiều vào đám mây (cloud). Do đó, phiên bản đĩa phù hợp với người chơi có tốc độ Internet chậm, không thể tải 90 GB trong thời gian ngắn.
Flight Simulator là trò chơi có dung lượng lớn nhất từ trước đến nay. Được giới thiệu tháng 11/2019, đây là phần mới nhất trong loạt game mô phỏng lái máy bay nổi tiếng của Microsoft xuất hiện lần đầu năm 1982. Phần trước của game là Microsoft Flight Simulator X phát hành năm 2006.
Trên Flight Simulator 2020, nhà sản xuất đã sử dụng dữ liệu từ vệ tinh, Bing Maps và nền tảng đám mây Azure để dựng lại toàn bộ bề mặt Trái Đất từ thành phố, nhà cửa, sân bay... Những chiếc máy bay trong game cũng được thiết kế tỉ mỉ, chi tiết. Tất cả dữ liệu trên tương đương khoảng 2.000 TB.
Bộ 10 đĩa cài Flight Simulator 2020. Ảnh: Kotaku.
Dù nặng đến 2 TB nhưng người chơi không cần phải lưu toàn bộ dữ liệu này về máy. Flight Simulator được lưu trên hệ thống đám mây Azure của Microsoft. Khi chơi, chỉ cần đồng bộ máy cá nhân với hệ thống.
Do đó, người dùng chỉ cần dàn máy cấu hình tối thiểu gồm CPU AMD Ryzen 3 1200 hoặc Intel Core i5-4460 trở lên, GPU AMD Radeon RX 570 hoặc Nvidia GTX 700 (VRAM 2 GB), RAM 8 GB, ổ cứng 150 GB để chơi. Ngoài ra, cần có Internet tốc độ 5 Mbps trở lên để tải và dựng bản đồ, máy bay theo thời gian thực.
Một số sân bay châu Á xuất hiện trong game như Bugalaga Airstrip (Indonesia), Haneda Airport (Nhật Bản) bên cạnh các sân bay Mỹ có số lượng nhiều nhất. Trên các diễn đàn game, người chơi Việt Nam hy vọng sân bay Tân Sơn Nhất và Nội Bài sẽ góp mặt trong các phiên bản tiếp theo. 

Game cho PlayStation 5 sẽ không tương thích với tay cầm chơi game của PlayStation 4, bao gồm cả DualShock 4 của Sony hay các gamepad bên thứ 3 khác."
https://zingnews.vn/ca-do-lang-esports-viet-ke-mat-su-nghiep-nguoi-vuong-lao-ly-post1110611.html,,,"Sinh sau đẻ muộn nếu so với thể thao truyền thống, song eSports cũng đã kịp có cho mình những vụ cá cược, bán độ tai tiếng trong suốt lịch sử phát triển.",Công nghệ,[],"Chiều ngày 23/7, Garena Việt Nam phát đi thông báo: Cấm ông Nguyễn Đồng Phương (Phương Top) tham gia mọi hoạt động, dù dưới tư cách cá nhân hay tổ chức có liên quan đến ông Phương dưới bất kỳ hình thức nào bao gồm, nhưng không giới hạn sở hữu, cổ phần, góp vốn, cộng tác hoặc các hình thức hợp tác khác trong tất cả hoạt động của bộ môn Liên Quân Mobile.
Cũng theo Garena Việt Nam, vi phạm này xảy ra khi ông Nguyễn Đồng Phương vẫn đang là Giám đốc và Đại diện pháp luật của Công ty cổ phần đầu tư Team Flash Việt Nam.
Ông Nguyễn Đồng Phương tham gia cá độ một trận đấu Liên Quân ngay trong thời gian nắm giữ cương vị Giám đốc Team Flash. Ảnh: FBNV.
Vụ việc của ông Phương càng làm chồng chất thêm những tồn đọng của eSports. Nếu chỉ tính riêng tại Việt Nam, hoạt động cá độ trong thể thao điện tử cũng đã có ""thâm niên"" nhất định. 
Đầu năm nay, ngày 12/2, Công an quận Cầu Giấy (Hà Nội) cho biết đã khởi tố Phí Văn Huấn (39 tuổi, trú quận Cầu Giấy) và 55 bị can liên quan đường dây đánh bạc nghìn tỷ qua mạng. Huấn thành lập Công ty cổ phần EGOLD Việt Nam nhưng không kinh doanh mà để che giấu cho việc điều hành đường dây đánh bạc trên trang web Powgs...
Cơ quan điều tra xác định thông qua trang web trên, nhóm của Huấn tổ chức đánh bạc bằng hình thức cá cược online qua tựa game Đế chế (AOE). Từ tháng 7 đến tháng 9/2019, đường dây của ông trùm sinh năm 1981 đã giao dịch phi pháp khoảng 1.158 tỷ đồng.
""Nhiều con bạc ham mê đỏ đen sau khi mất tiền thì chửi rủa, thậm chí đòi giết game thủ. Câu chuyện này không mới và đang diễn ra rất thường xuyên ở khắp các diễn đàn AOE"", Trọng Duy, một người chơi AOE lâu năm ngụ tại quận 7, thành phố Hồ Chí Minh cho hay.
Bấu Huấn cùng 55 bị can liên quan đến đường dây cá cược trong tựa game Đế chế. Ảnh: N.H.
Năm 2015, cộng đồng Dota 2 Việt Nam dậy sóng sau khi ba cựu thành viên Aces Gaming: Kua, Misa, SPH rời khỏi đội do bán độ trong trận đấu Aces - Gguard. Tổng số tiền cược lên đến 60 triệu đồng. Sự việc này thậm chí còn ảnh hưởng đến tầm khu vực, nhiều trang tin eSports nước ngoài đưa tin.
Valve sau đó đưa lệnh cấm tham gia mọi giải đấu đối với các gamer tham gia vào đường dây. Động thái này gián tiếp mở ra thời kỳ thoái trào của Dota 2 tại Việt Nam.
Xa hơn, vào giữa năm 2014, làng CS:GO Việt Nam rúng động vì nghi vấn bán độ của Legends.GO, team CS:GO được coi là mạnh nhất Việt Nam bấy giờ. Đội tuyển này bán độ không chỉ một, mà tới hai lần trong trận đấu với TyLoo (Trung Quốc).
Sự việc đáng xấu hổ này khiến 4 tuyển thủ của Legends.GO bị nhiều đơn vị tổ chức giải đấu cấm vĩnh viễn. 
Trên bình diện thế giới, các scandal bán độ trong thể thao điện tử thậm chí chớm nở từ những năm 2010. Khi đó game thủ Starcraft người Hàn Quốc Ma Jae-Yoon với nick name sAviOr đã nhận lệnh cấm vĩnh viễn vì gian lận một chuỗi các trận đấu. Từ đó, các vụ nhúng chàm còn xuất hiện ở các game như Counter-Strike: Global Offensive, League of Legends, Dota 2...
Ngày 13/3/2014, “Promise” Cheon Min Ki, vận động viên League of Legends nổi tiếng của Hàn Quốc quyết định kết thúc cuộc đời sau cú nhảy từ lầu 12. Trước đó, anh này để lại bức thư tuyệt mệnh thừa nhận hành vi dàn xếp tỷ số trong một đấu. “Promise” sau đó đã được cứu sống một cách đầy may mắn.
Tại Peru, Sina - game thủ Dota 2 nổi tiếng bậc nhất nước này là một trong 5 game thủ Peru bị cấm tham gia các cuộc thi do Valve tổ chức sau khi có kết luận đội của anh cố tình thua một trận đấu tại ProDota Cup.
 “Promise” Cheon Min Ki (thứ 2 từ phải sang) nhảy lầu vì hành vi đàn xếp tỷ số một trận đấu LOL. Ảnh: Red Bull.
Ban đầu, cá cược trong game chỉ đơn giản diễn ra giữa người chơi, trao đổi vật phẩm và skin nhân vật trong game. Tuy vậy, hình thức này đầy rủi ro, vì khi server đóng cửa, mọi ""công sức"" coi như mất trắng.
Ian Smith, Ủy viên Liên minh toàn vẹn eSports (ESIC) cho biết các trận thi đấu thể thao điện tử sẽ dần đủ lớn để bán độ xuất hiện, đem lại lợi ích cho những người thậm chí không cần quan tâm tới eSport là gì.
Theo Smith, các trận đấu được dàn xếp dựa trên hai hình thức, một ở cấp độ thấp bởi những cá nhân nhìn thấy cơ hội sinh lợi và tự xoay tài chính. Hoạt động thứ hai cao cấp hơn, tổ chức đánh bạc và mua chuộc người chơi. Trong đó, Counter-Strike chiếm khoảng 40%, Dota 2 đứng nhì với 20%.
Những trung tâm thể thao điện tử gồm Đông Nam Á, đặc biệt là Trung Quốc, Hàn Quốc và Mỹ, vốn là những tụ điểm đánh bạc bất hợp pháp lớn nhất trên thế giới. Tại Trung Quốc, cá cược có mặt đầy rẫy khắp nơi”.
""Bán độ, cá cược là mối đe dọa lớn nhất mà ngành eSports này phải xử lý"", ông Ian Smith nhận định.

Chỉ một tuần sau khi rời khỏi chiếc ghế Giám đốc Team Flash, ông Nguyễn Đồng Phương tiếp tục bị Garena loại khỏi các hoạt động về Liên Quân Mobile."
https://zingnews.vn/garena-vn-vi-pham-cua-cuu-giam-doc-team-flash-la-rat-nghiem-trong-post1111220.html,,,Đại diện nhà phát hành Liên Quân Mobile cho biết Team Flash vẫn có thể đăng ký thi đấu tại Đấu trường Danh vọng mùa tới dưới tên đội khác.,Công nghệ,[],"Ngày 23/7, Ban tổ chức giải đấu Đấu Trường Danh Vọng chính thức công bố hình thức xử phạt đối với ông Nguyễn Đồng Phương và công ty cổ phần đầu tư Team Flash Việt Nam, đơn vị sở hữu đội tuyển thể thao điện tử của bộ môn Liên Quân Mobile. 
Nguyên nhân được đưa ra là do ông Phương trực tiếp cá cược bằng tiền ở 1 trận đấu có mặt Team Flash tại giải đấu Arena of Valor Premier League 2020. 
Trả lời Zing, đại diện Garena cho biết: ""Chúng tôi tìm hiểu được ông Phương đã cá độ với tư cách cá nhân, các tuyển thủ Team Flash không hề biết và đồng tham gia"".
Theo Garena Việt Nam, ông Phương đã cá độ ngay trong thời gian nắm quyền điều hành Team Flash. Ảnh: FBNV.
Trước câu hỏi về khả năng Team Flash bị cấm khỏi giải Đấu trường Danh vọng, nhà phát hành Liên Quân Mobile cho biết nếu các tuyển thủ của Team Flash đăng ký thi đấu dưới tên đội khác, họ vẫn có thể tham gia thi đấu miễn thực hiện đầy đủ các thủ tục cần thiết theo quy định.
""Chúng tôi coi những vi phạm như thế này là rất nghiêm trọng và khuyến khích các thành viên trong cộng đồng có thể tố cáo những vi phạm"", Garena Việt Nam cho biết.
Thực tế, ngay sau khi có thông báo cấm ông Phương khỏi các hoạt động Liên Quân Mobile, fanpage Team Flash cho biết tổ chức này đã không còn quản lý Team Flash Việt Nam. 
Điều này đồng nghĩa, các tuyển thủ như Xuân Bách, Gấu, ADC...vẫn sẽ thi đấu tại Đấu trường Danh vọng dưới màu áo của Team Flash Singapore, công ty mẹ của Team Flash Việt Nam.
Ngoài ra, Team Flash Singapore cũng thông báo fanpage chính thức của Team Flash Liên Quân Mobile và Team Flash Free Fire VN không còn thuộc quyền kiểm soát của họ. Phát ngôn chính thức duy nhất của Team Flash hiện nay trên Facebook sẽ đến từ Team Flash Singapore.

Sinh sau đẻ muộn nếu so với thể thao truyền thống, song eSports cũng đã kịp có cho mình những vụ cá cược, bán độ tai tiếng trong suốt lịch sử phát triển."
https://zingnews.vn/vn-ve-nuoc-som-thai-lan-va-dai-loan-vao-chung-ket-lien-quan-apl-2020-post1111429.html,,,Chung kết giải Liên Quân quốc tế APL 2020 năm nay diễn ra mà không có sự góp mặt của các tuyển Việt Nam.,Công nghệ,[],"Sau hơn một tháng tranh tài, giải Liên Quân quốc tế APL 2020 đi đến trận chung kết giữa Flash Wolves (FW - Đài Loan) và Buriram United eSports ( BRU - Thái Lan).
Nếu như đại diện Đài Loan nhọc nhằn đánh bại đồng hương MAD Team của ""thần rừng"" Neil tại bán kết, BRU lại không mấy khó khăn để quật ngã Hong Kong Attitude. 
FW của Xixi cùng các đồng đội đang tỏ ra rất phấn khích sau chiến thắng lịch sử trước MAD Team. Song, họ sẽ có một trận chung kết đầy khó khăn trước mắt. BRU đã đánh bại họ 2 trận tại vòng bảng và đang hừng hực khí thế trước cơ hội lần đầu tiên nâng cao chức vô địch.
NuNu (trái) và First One đang là bộ đôi Jungle - Mid được đánh giá hay nhất tại giải năm nay. Ảnh: Cao thủ Liên Quân.
Sau trận thua Team Flash tại chung kết AIC 2019 ngay trên sân nhà, BRU đã tiến bộ đáng kể trong thời gian qua.
 Người đi rừng BRU First One ngày càng chứng tỏ đẳng cấp của mình, trong khi đó họ còn có thêm sự bổ sung chất lượng ở vị trí xạ thủ là 007x, vốn đã là vận động viên eSports danh tiếng trước khi chuyển sang Liên Quân Mobile. Bên cạnh là những cái tên xuất sắc như NuNu, Summer, Difoxn, Isilindilz...
Ngay cả tài năng Blue NoPing, người từng giúp Thái Lan vô địch tại SEA Games 30 cũng buộc phải ngồi dự bị tại BRU.
Chung kết APL 2020 lần đầu tiên được tổ chức chắc chắn sẽ ít hấp dẫn hơn với người xem Việt Nam, khi cả 4 đại diện của chúng ta đều đã bị loại. Trong đó, Sài Gòn Phantom và Team Flash đều buộc phải dừng bước ở tứ kết trước lần lượt BRU và MAD Team.
Chung kết sẽ diễn ra vào lúc 17h chiều nay (26/7), trong khi trận tranh hạng 3 giữa MAD Team và Hong Kong Attitude bắt đầu lúc 13h cùng ngày.

Đại diện nhà phát hành Liên Quân Mobile cho biết Team Flash vẫn có thể đăng ký thi đấu tại Đấu trường Danh vọng mùa tới dưới tên đội khác."
https://zingnews.vn/dai-dien-dai-loan-len-ngoi-vo-dich-lien-quan-apl-post1111816.html,,,"Việc Flash Wolves đến với trận đấu cuối cùng đã là điều bất ngờ. Thế nhưng, Heroes và đồng đội còn làm được nhiều hơn thế.",Công nghệ,[],"Chiều ngày 27/7, trận chung kết Liên Quân Mobile APL 2020 diễn ra với sự góp mặt của 2 cái tên là Flash Wolves (FW - Đài Loan) và Buriram United (BRU - Thái Lan). Nếu như đại diện Đài Loan nhọc nhằn đánh bại MAD Team, BRU lại không mấy khó khăn để quật ngã Hong Kong Attitude.
BRU bước vào trận đấu cuối cùng với khao khát giành được danh hiệu Liên Quân Mobile quốc tế đầu tiên về cho người Thái. First One và các đồng đội cũng thể hiện màn trình diễn thuyết phục trong suốt quá trình giải đấu diễn ra.
Buriram United thế hiện bộ mặt thi đấu rất thuyết phục tại giải lần này. Ảnh: Cao thủ Liên Quân.
Đại diện Thái Lan tiếp tục thể hiện phong độ chói sáng trong 2 hiệp đấu đầu tiên. Người chơi NuNu cho thấy vị trí đường giữa ở meta game hiện nay, khó ai có thể qua mặt anh chàng này. NuNu còn có lối lên đồ khá ""dị"" nếu so với những người đi đường giữa khác như Xuân Bách hay Lạc Lạc của Việt Nam.
Bất ngờ xảy ra khi FW cân bằng được tỷ số 2-2. BRU có chút nóng vội và chủ quan trong lối triển khai thế trận. Chưa kể chất tướng mà đội Thái cấm chọn trong ván 3 và 4 tỏ ra dưới cơ so với đoàn quân của huấn luyện viên Lantyr.
Kịch tính được đẩy lên cao trào khi 2 đội phải bước vào loạt BO7 cân não. Ở hiệp đấu này, cấm chọn quốc tế kết thúc, các đội sẽ được sử dụng tất cả chất tướng.
Flash Wolves viết nên câu chuyện của chính mình tại đêm chung kết Liên Quân APL 2020. Ảnh: Cao thủ Liên Quân.
Ván đấu cuối cùng càng có ý nghĩa hơn khi 2 đội chọn cho mình những vị tướng đại diện cho mỗi quốc gia. Nếu như FW có trong tay Lindis đi rừng thì ""chiến thần Muay Thái"" Raz được dành cho NuNu.
Xung quanh Lindis là dàn chắn quá khỏe đến từ Marja, Xeniel, Richter và cả Qi. Volkath của First One dù ""bón hành"" đối thủ ở ván 2 cũng không thể chọc thủng phòng tuyến này, mặc cho thế trận những phút đầu tiên được người Thái kiểm soát rất tốt.
Càng về cuối trận, sức mạnh của Lindis ngày càng tăng tiến. Phút thứ 16, cả 5 thành viên FW tràn vào nhà chính đối phương sau khi phá vỡ trụ dưới, đồng thời lấy đi luôn cả cái mạng của Volkath.
Khoảnh khắc nhà chính BRU tan vỡ cũng là lúc FW viết nên câu chuyện cổ tích của họ tại giải lần này. Dù chỉ là hạt giống số 3 của Đài Loan, thậm chí là bại tướng trước chính tay BRU đến 2 lần ở vòng bảng, FW lần đầu ghi tên mình vào danh sách nhà vô địch các giải Liên Quân Mobile quốc tế.
Với chức vô địch Liên Quân Mobile APL 2020, ""bầy sói GCS"" gồm Heroes, XiXi, Gaduo, Gua, Kato mang về số tiền thưởng 160.000 USD. Danh hiệu Final MVP cũng dành cho Heroes với số tiền 5.000 USD.

Chung kết giải Liên Quân quốc tế APL 2020 năm nay diễn ra mà không có sự góp mặt của các tuyển Việt Nam."
https://zingnews.vn/bo-phu-kien-thu-vi-cho-fan-cua-dragon-ball-post1110416.html,,,"Bộ phụ kiện này có thể khiến các fan của ""7 viên ngọc rồng"" cảm thấy háo hức.",Công nghệ,[],"Hãng phụ kiện AKKO vừa giới thiệu bộ phím, chuột và lót chuột phiên bản Dragon Ball tại Việt Nam. Điểm nhấn của bộ phụ kiện này là những hình ảnh của thương hiệu truyện tranh và phim hoạt hình nổi tiếng Dragon Ball (còn được biết ở Việt Nam với tên gọi 7 viên ngọc rồng) trên các sản phẩm.
Bàn phím trong bộ sản phẩm có cả 3 phiên bản là 84, 87 và 108 phím. Phiên bản 84 phím có chiều rộng lớn hơn hẳn so với phím 84 thông thường do có thêm phần để tay hình Goku ở bên trái. Với chiều ngang hơn 37 cm, bàn phím này rộng tương đương các phím 87. Phần vỏ phím làm từ nhựa, độ chắc chắn ở mức khá so với tầm giá.
Nhiều keycap trên phím được trang trí các hoạ tiết liên quan đến bộ truyện Dragon Ball từ màu sắc, logo truyện, chữ ""ngộ"" (Go trong Goku) thường xuất hiện trên áo thi đấu của Goku. Bên cạnh đó, phiên bản 108 và 87 phím còn có 7 keycap tặng kèm với biểu tượng 7 viên ngọc rồng. 
AKKO có các tuỳ chọn switch AKKO hoặc Cherry trên các bàn phím này. Switch AKKO có thể coi là một dạng ""Cherry clone"", với các thông số khá giống switch của Cherry. Sản phẩm trong bài dùng switch AKKO Pink, có thông số giống với switch Cherry Red: không có khấc (linear), lực nhấn 45 g, hành trình kích hoạt hơn 2 mm và độ bền 50 triệu lần nhấn. Cảm giác bấm phím nhẹ, độ đồng đều lực nhấn kém một chút so với phím sử dụng switch Cherry Red. Với các phím dài, phần cố định phím là dạng Cherry stab, với ưu điểm là dễ thay phím, độ ồn ít hơn một chút so với Costar stab, nhưng cảm giác gõ không thích bằng.
Các phím sử dụng profile OEM rất phổ biến, dễ thay keycap. Chân đỡ của phím là dạng hai nấc, có phủ cao su để chống trượt bàn phím. Phím của AKKO đều sử dụng kết nối USB Type-C tháo rời, chắc chắn và gọn gàng nếu cần di chuyển. Mặt dưới phím cũng có các rãnh để đi dây gọn gàng hơn.
Keycap của bộ phím dùng chất liệu nhựa PBT khắc laser dày dặn, giúp giảm độ trơn, bóng và mất ký tự sau một thời gian sử dụng. Do bàn phím không có LED nên phím cũng được làm đặc hoàn toàn, không cần những phần nhựa trong để ánh sáng xuyên qua. 
Ngoài những đặc điểm liên quan tới Dragon Ball, tính năng của bộ phím rất cơ bản: chỉ dùng kết nối có dây, chưa có phiên bản Bluetooth, không LED, không phím media và cũng không có các chế độ macro hay các nút đổi chức năng phím. Tuy nhiên, với mức giá từ 1,7 triệu cho phiên bản dùng switch AKKO thì đây cũng là một phím cơ tầm trung thú vị cho những người hâm mộ Dragon Ball. Phiên bản dùng phím Cherry có giá 2,5 triệu cho cả bản 84, 87 và 108 phím.
Những con chuột mới trong bộ sản phẩm có mã AG325, với mắt đọc PWM3325, nút nhấn của Omron và độ nhạy tối đa 5.000 DPI. Chuột được thiết kế theo dạng đối xứng, người thuận tay phải hay tay trái đều có thể dùng được. Kích thước của chuột ở mức vừa phải, không quá lớn.
Ba phiên bản có hình Goku ở 3 trạng thái là Super Saiyan, Super Saiyan Blue và Ultra Instinct Perfect với tông màu tương ứng. Chất lượng in ấn khá tốt, các chi tiết được in sắc nét. Phần hình ảnh được in ở phía dưới có thể bớt bị ăn mòn hơn, bởi hai nút click vẫn là phần nhanh bị xuống cấp, bóng nhất trên chuột.
Chuột có tổng cộng 6 phím, trong đó có 2 nút Back/Forward ở hông cùng nút cuộn chuột và đổi DPI ở mặt trên. Nhà sản xuất cũng không quên in cả trạng thái tương ứng của Goku lên phần hông chuột. 
Nút cuộn được làm từ kim loại, cảm giác cuộn khá chắc chắn. Về thông số và trải nghiệm, chuột AG325 không có điểm gì đặc biệt so với tầm giá 690.000 đồng, nhưng ngoại hình của nó thì rất nổi bật.
Sản phẩm cuối cùng trong bộ 3 là bàn di chuột có kích thước 90 x 30 cm, độ dày 4 mm với giá 390.000 đồng. Bàn di chuột khá dày dặn và chất liệu vài tối ưu cho chuyển động chuột tốc độ cao. Hoạ tiết trên bàn di này mô tả phần phim hoạt hình Battle of Gods với nhân vật Beerus. Bộ phụ kiện có thể sẽ thu hút những fan của Dragon Ball, đáng tiếc là hiện vẫn chưa có phiên bản không dây để có thêm nhiều lựa chọn.

Với tầm giá dưới 2 triệu đồng, việc lựa chọn bàn phím cơ ""dùng được"" khiến không ít người đau đầu. Tuy vậy, vẫn có một số thương hiệu đáp ứng được nhu cầu này."
https://zingnews.vn/mau-thuan-lai-bang-tuyen-thu-sgp-dao-tau-sang-team-flash-post1109750.html,,,Quản lý của Sài Gòn Phantom cho biết sẽ đưa ra hình thức xử phạt tuyển thủ Bronze V sau nhiều lần vi phạm nội quy của đội.,Công nghệ,[],"Rạng sáng 22/7, quản lý Sài Gòn Phantom (SGP) Lê Thiên Hà livestream trên chính fanpage đội tuyển này để giải thích về những lùm xùm nội bộ thời gian qua. 
Trong suốt buổi stream kéo dài hơn một giờ đồng hồ, cựu tuyển thủ đường giữa của SGP cho rằng Bronze V đã nhiều lần vi phạm nội quy, cũng như làm xấu hình ảnh SGP thông qua các phát ngôn của mình.
Bronze V là một trong những tuyển thủ Liên Quân đời đầu. Ảnh: FBNV.
""Nhiều lần tôi khuyên nhủ Bronze V giải quyết mâu thuẫn giữa anh em với nhau, đừng đưa vấn đề lên công khai sẽ gây hiểu lầm...Ngoài ra, việc Bronze V cho biết người anh ta mâu thuẫn là Lai Bâng khiến tôi thật sự bất ngờ, bởi chính Bâng là yếu tố khiến Bronze V gia nhập SGP"", Yamate cho hay.
Người quản lý của SGP cũng tiết lộ việc không cho phép Bronze V thi đấu trong trận gặp Buriram United tại APL 2020 xuất phát từ việc tuyển thủ này không đạt được phong độ cao trong quá trình luyện tập. ""Bronze V cho rằng bản thân không còn động lực thi đấu, cũng như hiềm khích giữa tuyển thủ này với thành viên khác khiến tôi không thể để anh ta ra trận"".
Đáng chú ý, Yamate cáo buộc Bronze V đã nói dối trên trang cá nhân về thông tin ám chỉ tuyển thủ này sẽ gia nhập Team Flash là tin giả. ""Em (Bronze V) nói dối một cách trắng trợn"", Yamate nói.
Cuối buổi stream, người quản lý của SGP cũng cho biết sẽ sớm đưa ra hình thức xử phạt đối với Bronze V.
Trước đó, cựu tuyển thủ Mocha ZD eSports là PS Man cũng úp mở về việc sẽ có một tuyển thủ đi đường Tà thần gia nhập Team Flash, sau khi đội tuyển này dừng bước tại tứ kết APL 2020.

Trong khoảng thời gian ông Nguyễn Phương tại nhiệm, Team Flash trở thành một những thương hiệu eSports thành công nhất tại Việt Nam."
https://zingnews.vn/lai-bang-va-bronzev-huynh-de-tuong-tan-post1110168.html,,,"Từng là những người anh em cùng chung chiến tuyến được hy vọng mang đến làn gió mới cho Liên Quân Mobile, bộ đôi Lai Bâng - BronzeV nay chỉ còn là dĩ vãng.",Công nghệ,[],"Người hâm mộ Sài Gòn Phantom (SGP)  không bao giờ quên chính Lai Bâng là yếu tố khiến BronzeV gia nhập SGP, sau sự ra đi không mấy êm đẹp khỏi Adonis eSports. Tuyển thủ Adonis là LuvC thậm chí còn hậm hực tuyên bố ""cho BronzeV biến mất khỏi Liên Quân Mobile"".
Người hâm mộ SGP cũng hẳn sẽ không quên hình ảnh BronzeV và Lai Bâng cùng nhau làm biểu tượng gửi đến người thân sau chiến thắng kịch tính 3-2 trước FAP TV. BronzeV tạo hình trái tim, trong khi Bâng làm ký hiệu ám chỉ người nhận.
Sau nhiều biến cố xảy ra, những tưởng ""anh Năm Sài Gòn"", một trong những player Liên Quân Mobile đời đầu đã tìm được bến đỗ để toàn tâm toàn ý chinh phục các danh hiệu còn dang dở. Những tưởng ""thần đồng"" Lai Bâng có được chỗ dựa tinh thần vững chắc để viết nên tên tuổi một huyền thoại mới.
Mộng tưởng đó đã tan tành, ít nhất là với các fan của SGP, sau những gì người ta được biết vào rạng sáng 22/3.
Hình ảnh này sẽ chỉ còn là dĩ vãng với người hâm mộ SGP. Ảnh: Chụp màn hình.
Tuy nhiên, sự rạn nứt không phải mới đây. Người hâm mộ đã thấy khác biệt giữa BronzeV và phần còn lại của SGP, đặc biệt là NTB từ khi Đấu trường Danh vọng mùa Xuân 2020 còn diễn ra.
Trong trận đấu với HTVC IGP Gaming, đoạn mic check cho thấy giữa 2 tuyển thủ này đã có hiềm khích. Cả hai đã có những tranh luận dữ dội đến mức, trợ thủ Zeref khi đó phải kêu gọi tất cả bình tĩnh.
Những khán giả tinh ý còn nhận ra sau ván thắng thứ 2 trước Hong Kong Attitude, toàn đội SGP đều tỏ ra lạnh nhạt với BronzeV.
Theo những gì được tiết lộ trong các buổi stream của Yamate - quản lý SGP, mâu thuẫn giữa BronzeV và Lai Bâng chớm nở từ sau trận chung kết với Team Flash tại giải quốc nội. Người đi rừng của SGP khi đó đã không hài lòng với chất tướng Qi mà ""anh Năm"" sử dụng.
Hai tuyển thủ nổi bật bậc nhất của SGP nay đã không còn nhìn về chung hướng. Ảnh: Cao thủ Liên Quân.
Sau đó, cả hai tiếp tục xảy ra tranh cãi. ""Trong một buổi livestream, Lai Bâng trách mình quá ồn. Thậm chí, Bâng còn hỏi Yamate về việc đã ""giáo huấn"" mình hay chưa"", BronzeV nói trong buổi stream.
Kết quả, BronzeV quyết định rời khỏi đội để tìm cho mình lối đi riêng. ""Tôi thực sự bất ngờ khi BronzeV nói muốn đối đầu với Lai Bâng, bởi ai cũng biết điều gì đã đưa anh ta đến với SGP"", Yamate nói.
Với những gì đã diễn ra, có thể nói, sự tái hợp của hai cái tên này trong cùng màu áo sẽ là rất khó. 
Sẽ không còn những pha kêu gọi mở combat mà BronzeV là người chịu sát thương để Lai Bâng thoải mái gây damage. Cũng không còn những lối di chuyển thông minh mang thương hiệu ""Đồng 5"" trong màu áo SGP, như pha cầm Yena bắt chết Elsu của Elly. Họ giờ đã là những kẻ thù không đội trời chung.
Nhiều thông tin trong cộng đồng úp mở việc BronzeV sẽ thi đấu cho Team Flash, điều này cũng được Yamate gián tiếp xác nhận trong buổi stream rạng sáng 22/7. 
Nếu như việc này xảy ra, sẽ là tin buồn cho người xem trung lập. Bởi không cần đến những sự bổ sung mới, Team Flash vẫn là một tập thể vượt trội khi đặt lên bàn cân so sánh những đội tuyển Liên Quân quốc nội khác.
Nhiều nguồn tin bên lề cho biết BronzeV sẽ khoác áo Team Flash. Ảnh: FBNV.
Số phận đã sắp đặt Lai Bâng và các đồng đội mang trên vai trọng trách thách thức gã khổng lồ. Nhưng nếu không còn BronzeV, sức mạnh nào để người xem đặt niềm tin sẽ đủ sức ngáng đường Team Flash? Đặc biệt trong bối cảnh Project H đã không còn là chính mình, FAP TV lại quá non nớt.
Trong bóng đá, rất ít khi người ta thấy cầu thủ được chuyển nhượng giữa các đội bóng cùng thành phố, bởi khi đó, ""kẻ phản bội"" sẽ chịu không ít điều tiếng.
Nhưng khi lòng tự tôn bị động chạm buộc con mãnh thú phải tìm bến đỗ mới để trú thân, lòng kiêu hãnh, sự giận dữ  sẽ tìm về đúng nơi khiến nó buộc phải ra đi. 

Quản lý của Sài Gòn Phantom cho biết sẽ đưa ra hình thức xử phạt tuyển thủ Bronze V sau nhiều lần vi phạm nội quy của đội."
https://zingnews.vn/giam-doc-team-flash-phuong-top-dinh-ca-do-garena-dua-lenh-cam-post1110466.html,,,"Chỉ một tuần sau khi rời khỏi chiếc ghế Giám đốc Team Flash, ông Nguyễn Đồng Phương tiếp tục bị Garena loại khỏi các hoạt động về Liên Quân Mobile.",Công nghệ,[],"Việc cựu Giám đốc Team Flash ông Nguyễn Đồng Phương nói lời từ biệt tổ chức eSports này vẫn còn là câu hỏi bỏ ngỏ. Đến 23/7, người ta đã biết được một phần sự việc sau lệnh cấm từ chính Garena Việt Nam.
Nguyên văn thông báo xử phạt ông Nguyễn Đồng Phương của Garena như sau: 
Ngày 23/07/2020, Ban tổ chức (BTC) giải đấu Đấu Trường Danh Vọng chính thức công bố hình thức xử phạt đối với ông Nguyễn Đồng Phương và Công ty cổ phần đầu tư Team Flash Việt Nam, đơn vị sở hữu đội tuyển Thể thao điện tử của bộ môn Liên Quân Mobile. 
Sau 2 tuần xác minh, BTC chính thức kết luận ông Nguyễn Đồng Phương đã vi phạm nghiêm trọng quy định và điều lệ của hệ thống giải đấu Thể thao điện tử của BTC, thông qua việc trực tiếp thực hiện cá cược bằng tiền ở 1 trận đấu có mặt Team Flash tại giải đấu Arena of Valor Premier League 2020.
 Vi phạm này xảy ra khi ông Nguyễn Đồng Phương vẫn đang là Giám Đốc và Đại diện pháp luật của Công ty cổ phần đầu tư Team Flash Việt Nam. Ông Nguyễn Đồng Phương cũng đã trực tiếp thừa nhận hành vi vi phạm của mình với Ban tổ chức trong quá trình xác minh vụ việc. 
Dựa vào tính chất nghiêm trọng của vụ việc, sau khi xem xét và đánh giá toàn diện các yếu tố, tinh thần hợp tác và cầu thị của Ông Nguyễn Đồng Phương trong quá trình xác minh, BTC công bố quyết định xử phạt các cá nhân, tổ chức có liên quan đến vụ việc như sau:
- Cấm ông Nguyễn Đồng Phương tham gia, dù dưới tư cách cá nhân hay tổ chức có liên quan đến ông Phương dưới bất kỳ hình thức nào bao gồm nhưng không giới hạn sở hữu, cổ phần, góp vốn, cộng tác hoặc các hình thức hợp tác khác trong tất cả các hoạt động của bộ môn Liên Quân Mobile trong thời hạn 12 tháng kể từ ngày công bố thông báo xử phạt.
Ông Nguyễn Đồng Phương bị Garena cấm cửa vì cá độ. Ảnh: Team Flash.
- Chấm dứt các hợp đồng đã ký kết với Công ty cổ phần đầu tư Team Flash Việt Nam vì hành động tiêu cực gây ảnh hưởng đến hình ảnh thương hiệu của Vietnam eSports và các hệ thống giải đấu liên quan. Suất thi đấu hiện tại của Team Flash tại giải đấu Đấu Trường Danh Vọng sẽ được chuyển từ Công ty cổ phần đầu tư Team Flash Việt Nam sang trực tiếp các tuyển thủ thuộc Team Flash để tiếp tục thi đấu tại Giải đấu.
- BTC cũng đã  xác minh trực tiếp các tuyển thủ Team Flash. Kết quả cho thấy không có bất kì chứng cứ nào để kết luận các tuyển thủ Team Flash có bất cứ liên quan gì với hành vi của ông Nguyễn Đồng Phương, do đó kết quả các trận đấu có Team Flash không bị ảnh hưởng, và các tuyển thủ sẽ không bị xử lý. 
Đội tuyển Team Flash sẽ được tiếp tục tham gia các giải đấu hiện hành và được trao lại suất chuyển nhượng từ BTC. Đội tuyển Team Flash có toàn quyền chuyển nhượng lại suất này cho các cá nhân hoặc công ty khác, dựa theo thể lệ và khung thời gian quy định trong từng giải đấu.
Thông qua quyết định xử phạt trên, BTC muốn gửi đến các công ty chủ quản, thành viên ban huấn luyện, các đội tuyển đang tham gia các hệ thống giải đấu thể thao điện tử chuyên nghiệp lời cảnh tỉnh về các hành vi tiêu cực có thể gây ảnh hưởng nghiêm trọng đến hình ảnh của bản thân từng đội tuyển, các công ty chủ quản nói riêng và các giải đấu Thể thao điện tử cũng như phong trào Thể thao điện tử ở Việt Nam nói chung.
Trong những năm qua, thể thao điện tử đã có những bước phát triển vượt bậc và ngày càng xây dựng được hình tượng của một bộ môn thể thao lành mạnh, công bằng và cạnh tranh. Do đó, các đội tuyển, ban huấn luyện, công ty chủ quản cần chú trọng việc xây dựng và đào tạo ý thức cho các thành viên quản lý, ban huấn luyện, các tuyển thủ cũng như các thành phần tham gia thi đấu thể thao điện tử chấp hành nghiêm chỉnh các nội quy và điều lệ giải, quy định của pháp luật nhằm tạo ra một môi trường thi đấu trong sạch và công bằng.

Từng là những người anh em cùng chung chiến tuyến được hy vọng mang đến làn gió mới cho Liên Quân Mobile, bộ đôi Lai Bâng - BronzeV nay chỉ còn là dĩ vãng."
https://zingnews.vn/facebook-hang-cong-nghe-chuyen-sao-chep-y-tuong-post1117957.html,,,"Sao chép giống hệt tính năng từ công ty đối thủ, Mark Zuckerberg xác nhận chỉ phát triển trên những thứ sẵn có.",Công nghệ,[],"Instagram (ứng dụng được Facebook mua lại từ năm 2012), vừa giới thiệu tính năng chia sẻ video ngắn trên nền nhạc có tên là Reels. 
Theo The Verge, Reels có ngôn ngữ thiết kế ""giống hệt"" như TikTok, một nền tảng chia sẻ video của công ty Trung Quốc ByteDance đang có nguy cơ bị cấm tại thị trường Mỹ.
Đây không phải lần đầu tiên Facebook sao chép các tính năng của các công ty khởi nghiệp (startup) nhỏ hoặc những đối thủ. Năm 2018, Facebook ra mắt nền tảng chia sẻ video ngắn Lasso nhằm cạnh tranh với TikTok. Đầu năm 2020, Facebook giới thiệu Hobbi với giao diện và tính năng tương tự như Pinterest.
Một trong những cáo buộc sao chép ồn ào nhất của Facebook là tính năng ""Stories"" trên Instagram. Trước đó, ""Stories"" cho phép người dùng đăng tải video ngắn, chỉ hiển thị trong 24h được xem là tính năng nổi bật nhất của Snapchat.
Năm 2013, Facebook từng ngỏ lời mua Snapchat với giá 3 tỷ USD, lúc này Snapchat chỉ là một ứng dụng nhắn tin mới thành lập được 2 năm. Tuy nhiên, CEO Evan Spiegel đã từ chối đề nghị trên. Thương vụ thất bại, Snapchat chính thức được xem là đối thủ của Facebook trong lĩnh vực mạng xã hội.
Snapchat giới thiệu tính năng ""Stories"" vào tháng 5/2014, nhanh chóng thu hút sự chú ý của người dùng vì họ có thể đăng tải bất cứ nội dung nào họ thích và yên tâm chúng đó sẽ biến mất sau 24h.
Tháng 8/2016, Facebook cập nhật tính năng giống hệt như vậy trên Instagram. Tháng 3/2017, tính năng tương tự xuất hiện trên Facebook Messenger.
Theo Washington Post, Kevin Systrom, Giám đốc Điều hành Instagram cho biết tính năng ""Stories"" do công ty ông phát triển ""giống hệt"" trên phiên bản Snapchat, nhưng khẳng định họ không sao chép.
""Chúng tôi không sao chép từ ai cả. Trong trường hợp này, Instagram đã phát triển dựa trên nền tảng sẵn có từ Snapchat"", Kevin nói với The Washington Post.
Giao diện ""Stories"" trên 2 ứng dụng Instagram (trái) và Snapchat (phải). Ảnh: Social Media Examiner.
Trong phiên điều trần diễn ra vào ngày 30/7, Chủ tịch Ủy ban Tư pháp Hạ viện Jerry Nadler lập luận việc Facebook mua lại Instagram vào năm 2012 là vi phạm luật chống độc quyền. Các email thu thập được cho thấy việc mua lại Instagram là nhằm loại bỏ ""một đối thủ tiềm năng"".
Tuy nhiên, nếu Facebook chỉ ""phát triển"" một tính năng giống hệt ứng dụng đối thủ, công ty này sẽ không vi phạm luật tại Mỹ và không bị gán tội vi phạm luật chống độc quyền. 
Điều này đồng nghĩa với việc mua lại toàn bộ công ty đối thủ là sai, nhưng sao chép giống hệt tính năng của người khác thì không sai.
""Facebook không vi phạm bất kỳ luật kinh tế nào khi ra đời những tính năng tương tự đối thủ, nhưng nếu cứ đi theo hướng sao chép như vậy sẽ không tốt cho tương lai của công ty"", Wendy Johansson, nhà phân tích kỹ thuật số tại Publicis Sapien nhận định.
Ngày 4/8, Tổng thống Mỹ Donald Trump xác nhận hoãn lệnh cấm và cho phép Microsoft tiếp tục đàm phán mua lại nền tảng chia sẻ video TikTok, thương vụ buộc phải hoàn thành trước ngày 15/9. 
Sau đó 2 ngày, ông Trump ban hành một sắc lệnh mới, cấm mọi giao dịch cá nhân hoặc tổ chức thuộc quyền tài phán của Mỹ với ByteDance (công ty mẹ của TikTok) sau ngày 20/9. Đồng nghĩa với việc ""một công ty Mỹ"" chỉ có khoảng 45 ngày nữa để mua TikTok hoặc ứng dụng này sẽ bị cấm vĩnh viễn.
Ngay lập tức, Instagram thông báo ra mắt Reels, một tính năng quay, dựng và chia sẻ video ngắn trên nền nhạc tương tự như TikTok. Tính năng Reels được thử nghiệm trước tại 50 quốc gia lớn như Mỹ, Ấn Độ, Brazil, Anh, Pháp, Đức, Nhật Bản, Australia...
Reels (trái) là tính năng quay và chia sẻ video ngắn, ra mắt ngay sau khi Tổng thống Mỹ ban hành sắc lệnh cấm TikTok (phải). Ảnh: Chụp màn hình.
Sự xuất hiện của Reels một lần nữa đặt ra câu hỏi về vai trò của luật chống độc quyền tại thị trường Mỹ.
Đáng chú ý, Instagram còn thể hiện động thái lôi kéo người dùng, đặc biệt là các nhà sáng tạo nội dung. Theo New York Times, Instagram xác nhận sẵn sàng hợp tác với những nhà sáng tạo nội dung trên TikTok, đồng ý chi trả ""hàng nghìn USD"" với điều kiện họ đăng tải video lên Reels ""trước những nền tảng khác"".
Tại phiên điều trần của Hạ viện Mỹ về vấn đề chống độc quyền, Mark Zuckerberg được hỏi về việc Facebook có sao chép các tính năng từ công ty đối thủ hay không.
""Chúng tôi chỉ điều chỉnh trên các tính năng sẵn có"", CEO Facebook trả lời.
""Với những tính năng không được pháp luật bảo hộ như một nền tảng video quá mới, Facebook đang ở vị thế mà họ có thể sao chép y hệt tính năng và phổ cập nó nhanh hơn nhờ lượng người dùng khổng lồ"", Rebecca Allensworth, giáo sư ngành luật và chuyên gia chống độc quyền tại Đại học Vanderbilt nhận định.

Bài viết dựa trên quan điểm của tác giả Carole Cadwalladr, The Guardian, nữ phóng viên đã vạch trần bê bối dữ liệu người dùng Cambridge Analytica năm 2016.

CEO Facebook thể hiện sự lo lắng khi Tổng thống Trump cho phép ""một công ty Mỹ"" mua lại TikTok thay vì cấm hoàn toàn như trước."
https://zingnews.vn/tiktok-viet-nam-tran-lan-video-quay-len-de-cau-view-post1118665.html,,,Những video quay lén phụ nữ tại nơi riêng tư đang trở thành một loại nội dung thu hút lượt xem trên nền tảng TikTok.,Công nghệ,[],"Trên ứng dụng chia sẻ video TikTok, không khó bắt gặp những video quay lén phụ nữ trên đường phố hoặc bể bơi. Thậm chí, người sáng tạo nội dung của nền tảng TikTok còn quay lén cửa sổ những căn hộ chung cư. Những nội dung này dù vi phạm chính sách của TikTok nhưng vẫn đạt hàng triệu lượt xem.
Ngày 4/7, tài khoản TikTok Vietanh**** đăng tải video quay vào cửa sổ một chung cư. Đoạn clip ghi lại sinh hoạt của một cô gái ở phòng riêng. ""Các bác có muốn xem tiếp phần hai không. Chưa bao giờ được 1.000 tim. Các bác tim cho em nào"", tiêu đề video kêu gọi mọi người ""thả tim"" để xem tiếp những cảnh quay khác. Hiện video trên đã đạt gần 300.000 lượt xem.
Loạt video quay lén ở hồ bơi thu hút hàng triệu lượt xem trên TikTok.
Bên dưới video, nhiều người xem để lại bình luận cho rằng việc quay lén cuộc sống riêng tư là hành vi không văn minh. ""Lớn rồi đừng làm mấy trò như vậy để câu view nữa. Sau này đi đâu người ta quay mình thì thấy thế nào"", tài khoản TikTok Hien Tran bình luận.
Tuy vậy, đa phần người xem đều tỏ ra thích thú với các video xâm phạm riêng tư này. ""Mua thêm ống nhòm, đăng tiếp video nét hơn sẽ được một triệu lượt xem cho coi"", tài khoản ***58508 gợi ý cho chủ video.
Ngoài quay lén chung cư, hồ bơi cũng là nơi nhiều TikToker chọn để ""tác nghiệp"". Đầu tháng 7, tài khoản TikTok có tên ****hiep đăng tải 4 video quay lại cảnh nhiều phụ nữ mặc biniki ở một hồ bơi. Trong đó, video cao nhất có đến 2,4 triệu lượt xem, 72.000 lượt thích. Tiêu đề của cả 4 video đều kêu gọi người xem đăng ký theo dõi để xem nhiều clip hơn trong tương lai.
Một số TikToker zoom cận vào nhà riêng của người khác để quay video thu hút lượt xem.
Bên dưới phần bình luận, hàng trăm phát ngôn phản cảm của người dùng được để lại từ hỏi vị trí hồ bơi, yêu cầu đổi góc quay đến nhận xét ngoại hình.
Chính sách sử dụng dịch vụ của TikTok có điều khoản ghi rõ người dùng không được đăng các video cố ý bắt nạt, quấy rối, làm tổn thương, đe dọa, làm xấu hổ hoặc làm phiền người khác.
Tuy nhiên, dường như hệ thống kiểm duyệt của TikTok đang gặp vấn đề khi vẫn để lọt nhiều video quay lén người khác xuất hiện và tiếp cận hàng triệu người xem.
Điều này khiến video quay lén đang dần trở thành một dạng nội dung được nhiều TikToker khai thác. Công thức những nơi càng nhạy cảm càng thu hút lượt xem đang được một số người áp dụng.
Giữa tháng 7, người mẫu Ngọc Trinh cũng phải lên tiếng khi một tài khoản TikTok liên tục đăng tải video quay lại cảnh riêng tư của cô tại căn hộ riêng. 
Trả lời Zing, ông Nguyễn Lâm Thanh, Giám đốc Chính sách TikTok cho biết khi sử dụng app này người dùng cần có trách nhiệm trong việc đăng tải nội dung.
""Người dùng đang tham gia một cộng đồng toàn cầu và có trách nhiệm giữ gìn một môi trường mạng lành mạnh và an toàn. Vì thế, người dùng không được đăng hoặc chia sẻ nội dung và thông tin sai lệch, có thể gây hiểu lầm, hoang mang cho cộng đồng hoặc gây hại cho những người dùng khác về mặt thể chất, tình cảm, hay pháp lý, theo Tiêu chuẩn Cộng đồng của TikTok"", ông Thanh cho biết.
Theo ông Thanh, TikTok ""đã, đang và sẽ nghiêm khắc"" xử lý các tài khoản đăng nội dung vi phạm tiêu chuẩn cộng đồng của TikTok và pháp luật Việt Nam. ""Ngay khi phát hiện các vi phạm này, các tài khoản sẽ bị treo tạm thời hoặc bị khóa vĩnh viễn tùy thuộc theo mức độ vi phạm"", ông Thanh nói thêm.
Tuy vậy, nỗ lực kiểm duyệt thủ công và dựa vào công cụ báo cáo của TikTok được dự đoán sẽ quá tải nếu nền tảng này tiếp tục phát triển trong thời gian tới. Lấy ví dụ video quay lén ở hồ bơi, trước khi bị xóa bỏ, nội dung này đã tiếp cận hơn 2,4 triệu người.
Trả lời Zing, luật sư Vũ Tuấn, Giám đốc công ty luật Phan Law tại TP.HCM cho biết hoạt động quay, chụp, livestream bất cứ ai đều phải có sự đồng ý của chủ thể. Việc tự ý quay và sử dụng hình ảnh không có sự đồng ý, mà xâm phạm nhân phẩm danh dự của người đó được coi là hành vi vi phạm pháp luật.

TikTok đã qua mặt hệ thống bảo mật quyền riêng tư của các smartphone sử dụng hệ điều hành Android thông qua một lỗ hổng của Google.

Trong bối cảnh áp lực từ chính quyền Mỹ ngày một tăng cao, TikTok tiếp tục chịu những nghi ngại từ nhà cầm quyền Pháp, Anh."
https://zingnews.vn/tiktok-co-nguy-co-bien-mat-tren-google-play-va-app-store-post1116718.html,,,"Theo The Verge, hiện Mỹ chưa có sắc lệnh nào yêu cầu các cửa hàng ứng dụng ngừng lưu trữ TikTok.",Công nghệ,[],"Sáng 6/8 (giờ Mỹ), Tổng thống Mỹ Donald Trump ký sắc lệnh cấm mọi giao dịch của Mỹ với Bytedance và Tencent, công ty mẹ của 2 ứng dụng TikTok và WeChat sau ngày 20/9.
Lệnh cấm này dựa trên Đạo luật Quyền hạn Kinh tế Khẩn cấp Quốc tế và Đạo luật Khẩn cấp Quốc gia Mỹ. Theo đó, các ứng dụng Trung Quốc này được xem là mối đe dọa với an ninh quốc gia của Mỹ. Thời hạn cho lệnh cấm trên là 45 ngày.
Sắc lệnh của ông Trump chỉ cấm các công ty Mỹ giao dịch với TikTok chứ chưa cấm lưu trữ trên kho ứng dụng.
Theo Washington Post, sắc lệnh trên không nêu rõ việc TikTok và WeChat có biến mất khỏi kho ứng dụng Google Play và Apple Store tại Mỹ hay không. Tuy vậy, việc các công ty Mỹ mua quảng cáo trên TikTok sẽ bị xem là phạm pháp.
Theo Statista, hiện Mỹ là quốc gia đứng thứ hai về số lượt tải xuống ứng dụng TikTok chỉ sau Ấn Độ. Tính đến 30/6, đã có 45,6 triệu lượt tải xuống TikTok ở Mỹ trong năm 2020. Tại Ấn Độ, con số này là 99,8 triệu lượt tải.
Đầu tháng 7, Ấn Độ đã cấm TikTok trong bối cảnh căng thẳng biên giới với Trung Quốc. Như vậy, sau lệnh cấm của ông Trump, TikTok có thể mất luôn thị trường lớn thứ hai của công ty.
Tuy vậy, người dùng toàn cầu đang tỏ ra lo lắng về việc TikTok có bị gỡ khỏi kho ứng dụng Android và iOS tại các quốc gia khác không, bởi Google và Apple là hai công ty của Mỹ.
Năm 2019, Mỹ cũng từng cấm Huawei giao dịch với các công ty của nước này. Theo The Verge, lệnh cấm với Huawei có thể thực hiện được là do công ty này cần giấy phép do chính phủ Mỹ cấp để vận hành mạng 5G và mua bán thiết bị. Trong khi đó, hiện Mỹ chưa có lệnh nào yêu cầu các cửa hàng ứng dụng ngừng lưu trữ TikTok. 
Trở lại trường hợp của Huawei, các ứng dụng của công ty Trung Quốc này như Huawei Health vẫn có thể tải xuống trên kho ứng dụng Android và iOS ở Mỹ và các quốc gia khác.
Trong khi đó, App Gallery của Huawei đã biến mất trên các cửa hàng ứng dụng vì có phát sinh giao dịch mua bán.
Nhiều khả năng, ứng dụng TikTok sẽ vẫn xuất hiện trên Apple Store và Google Play nếu ứng dụng này không phát sinh giao dịch và phía Mỹ không bổ sung quy định yêu cầu các cửa hàng ứng dụng ngừng lưu trữ TikTok. Tuy nhiên, không phát sinh giao dịch sẽ không đem lại doanh thu cho TikTok. Điều này cũng đồng nghĩa với cái chết.
 Trong trường hợp chính phủ Mỹ bổ sung điều khoản cấm lưu trữ trên kho ứng dụng của các công ty Mỹ, TikTok có thể sẽ biến mất ở phạm vi toàn cầu.
May mắn hơn Huawei, TikTok vẫn còn một con đường sống chính là thương vụ của Bytedance với ứng viên sáng giá Microsoft.
Theo Financial Times, Microsoft xác nhận đang quan tâm đến việc mua lại TikTok. Ban đầu, ông lớn công nghệ này chỉ muốn mua lại các hoạt động của TikTok tại Mỹ. Thế nhưng sau đó Microsoft bày tỏ tham vọng mua lại mảng kinh doanh toàn cầu của TikTok.
Số mệnh của TikTok sẽ được định đoạt trong thương vụ với Microsoft trước ngày 15/9. Nếu cuộc đàm phán bất thành, TikTok chắc chắn sẽ bị cấm tại Mỹ sau ngày 20/9.

Chỉ một tuần kể từ khi tổng thống Mỹ tuyên bố sẽ cấm TikTok, hàng loạt quyết định được đưa ra khiến số phận của mạng xã hội này thay đổi liên tục."
https://zingnews.vn/thanh-nien-18-tuoi-giet-nguoi-de-noi-tieng-tren-tiktok-post1116916.html,,,Một thanh niên 18 tuổi bị cáo buộc cố tình khơi mào vụ giết người chỉ để trở nên nổi tiếng trên TikTok.,Công nghệ,[],"Theo New York Times, gia đình của người đàn ông xấu số đã cáo buộc một thiếu niên 18 tuổi cố tình gây ra vụ giết người để nổi tiếng trên TikTok.
Theo đó, Zachary Latham, 18 tuổi, sống tại South Jersey, bang New Jersey Mỹ bị cáo buộc tội giết người khi đâm gục ông hàng xóm 51 tuổi của mình.
Zachary Latham, 18 tuổi, bị buộc tội ngộ sát trong vụ giết ông William Durham ở South Jersey. 
Nạn nhân là ông William Durham Sr., một nhân viên cai ngục sống cạnh nhà Latham. Gia đình ông Durham có xích mích kéo dài với Latham bởi thanh niên này thường phóng xe rất nhanh trong khu phố với tiếng động cơ lớn.
Về phần mình, Latham cho rằng anh chỉ sử dụng một con dao dài 4 inch và roi điện để tự bảo vệ bản thân khỏi sự tấn công của gia đình ông Durham.
Tuy vậy, các luật sư của Durham cho rằng Latham đã cố khiêu khích tạo ra một vụ ẩu đả nhằm quay video đăng lên TikTok để trở nên nổi tiếng hơn. Trước đó, nhiều lần Latham từng khiêu khích gia đình Durham và quay video lại. Trong đó, đoạn clip đăng tải trên TikTok có lượng người xem nhiều nhất là hơn 3 triệu lượt.
Các luật sư cho rằng Sarah, vợ Latham đã đứng trong nhà, quay lại vụ giết người ""bởi vì cô ấy và chồng mình muốn trở nên nổi tiếng hơn trên TikTok"".
Theo Nj.com, các luật sư viện dẫn lý do nếu chỉ đơn thuần muốn tự vệ, Latham và vợ đã có thể nấp trong nhà và chờ sự cứu trợ của cảnh sát thay vì cố khiêu khích và quay video.
""Họ muốn khiêu khích để Durham đến đó, tấn công họ và quay phim lại đăng lên TikTok"", luật sư đại diện gia đình Durhams nhấn mạnh.
Hiện, gia đình Durham đang tìm cách để nâng cáo buộc tội ngộ sát của Latham lên mức giết người cấp độ một, Nj.com cho biết.
Trước đó, vào tháng 4, Latham đã quay cảnh mình bị bà Catherine, vợ ông Durham chặn đầu xe. Video trên thu hút được hơn 3,1 triệu lượt xem. Trong đoạn clip, Latham liên tục gọi bà Catherine là ""Karen"", từ miệt thị phụ nữ da trắng.
Ở một video khác, Latham quay lại cảnh William, 21 tuổi, con trai ông Durham đang cố mở cửa xe mình. Trong video, Latham cảnh báo William rằng: ""Tôi có một con dao đấy anh bạn"".
Sau đó Latham đăng tải video lên TikTok với tiêu đề: ""Con trai Karen đã phát hiện video trước đang lan truyền và cố lôi tôi ra khỏi xe"".
Không chỉ Latham bị buộc tội, gia đình Durham cũng đang bị điều tra về việc họ có liên quan đến cái chết của người đàn ông 51 tuổi. Bên cạnh đó, vợ và hai con của Durham cũng bị cáo buộc xâm hại cá nhân Latham.

WeChat bỗng dưng xuất hiện bên cạnh TikTok trong lệnh cấm giao dịch với các công ty Mỹ."
https://zingnews.vn/giang-ho-mang-phu-le-thuong-xuyen-rao-giang-dao-ly-tren-youtube-post1116867.html,,,"Trước khi bị điều tra về hành vi cố ý gây thương tích 2 người phụ nữ lớn tuổi, Lê Văn Phú thường xuyên đóng MV ca hát, rao giảng đạo lý giang hồ trên YouTube.",Công nghệ,[],"Chiều ngày 6/8, chỉ huy Công an quận Hoàng Mai cho biết Phòng Cảnh sát hình sự Công an Thành phố Hà Nội đã phối hợp cùng đơn vị này bắt giữ vợ chồng Lê Văn Phú (biệt danh Phú Lê), 40 tuổi, trú tại quận Hà Đông và Lã Thúy Kiều, 35 tuổi, quê huyện Bình Lục, tỉnh Hà Nam để làm rõ hành vi cố ý gây thương tích. 
Bước đầu, vợ chồng Phú Lê đã thừa nhận có liên quan đến vụ hành hung 2 phụ nữ ở huyện Đan Phượng, Hà Nội.
Dù vậy, Phú Lê vẫn đang là một nhân vật ""có tiếng"" trên nền tảng YouTube khi sở hữu gần 2 triệu lượt theo dõi.
Xuất hiện trên trang phục tối màu, xăm trổ, đeo kính râm, dây chuyền đại bàng vàng và một số trang sức khác, Phú Lê thường xuyên tham gia sản xuất nhiều MV ca nhạc hay đóng phim với chủ đề giang hồ, tình nghĩa anh em và gia đình. 
Một số MV ca nhạc, phim ngắn do Phú Lê tham gia hát và diễn xuất thu hút hàng triệu lượt xem. Kể từ khi thành lập kênh YouTube vào tháng 10/2015, Phú Lê đã có tổng cộng hơn 495 triệu lượt xem.
Cụ thể, trong MV ca nhạc ""Đời là thế thôi"", tuy chứa nhiều cảnh quay bạo lực, đậm chất xã hội đen, video này từng một thời gây bão mạng xã hội, có số lượt xem lên tới 127 triệu.
Ngoài ra, Phú Lê còn nổi tiếng là người có mối quan hệ rộng, thường xuyên quay các video livestream, từng giao lưu với các ""giang hồ mạng"" khác như Khá Bảnh, Dương Minh Tuyền, Dũng Trọc Hà Đông…
Hiện, kênh YouTube của Phú Lê vẫn đang được bật quảng cáo trên các video đánh đấm, bạo lực.
Thường xuyên đóng các MV ""giang hồ mạng"" nghĩa hiệp nhưng Phú Lê đã thừa nhận hành hung 2 người phụ nữ lớn tuổi. Ảnh: Chụp màn hình.
Theo SocialBlade, ước tính kênh YouTube của Phú Lê nhận được từ 3.700-60.000 USD mỗi tháng tiền quảng cáo từ những nội dung ""giang hồ mạng"". Ngoài ra, kênh YouTube của Phú Lê cũng kiếm tiền từ việc quảng bá các loại thực phẩm chức năng, thuốc tăng cường sinh lực.
Điều đáng nói, Lê Văn Phú xây dựng hình ảnh của bản thân trên mạng xã hội theo phong cách giang hồ nghĩa hiệp, tôn trọng tình anh em, hiếu thảo với cha mẹ. 
Trong MV “Vì con”, Phú Lê hát về nội dung ca ngợi sự hiếu thảo, báo đáp công ơn cha mẹ, tôn trọng người lớn tuổi đạt 33 triệu lượt xem.
Thế nhưng, ngày 8/8, cũng chính Phú Lê đã thừa nhận có liên quan đến vụ hành hung 2 phụ nữ ở huyện Đan Phượng (Hà Nội). Trong đó, một người là mẹ của chị Trần Thị Đào, (30 tuổi, Hà Nội).
Trong đơn tố cáo ngày 3/8, chị Đào cho biết do hai bên xảy ra mâu thuẫn làm ăn, 2 thanh niên lạ mặt nghi do vợ chồng Phú Lê chỉ đạo đã tìm về nơi mẹ chị Đào sinh sống và hành hung mẹ và dì ruột của chị khiến 2 nạn nhân phải nhập viện.

Ông Từ Lương, Phó giám đốc Sở Thông tin và Truyền thông TP.HCM, cho biết cơ quan chức năng đã ra quyết định phạt Duy Mạnh 7,5 triệu đồng vào chiều 7/8."
https://zingnews.vn/clip-hanh-ha-tre-em-5-4-trieu-view-ton-tai-nhieu-gio-tren-facebook-vn-post1118040.html,,,"Chứa đầy nội dung bạo hành trẻ em, đoạn video 26 giây vẫn tồn tại trên Facebook hơn 12 giờ, có đến 5,4 triệu lượt xem cho đến khi chủ tài khoản tự xóa.",Công nghệ,[],"Ngày 9/8, tài khoản Facebook Thảo **** đăng tải video với nội dung bạo hành trẻ em trên trang cá nhân. 
Theo đó, người đàn ông trong video treo ngược một bé trai lên cửa phòng và dùng ống nước đánh liên tiếp vào cơ thể. Mặc cho đứa trẻ la khóc, người đàn ông trong video vẫn đánh và liên tục nói ""phát chết mày"". 
Đoạn video bạo hành trẻ em được đăng tải trên Facebook và tồn tại nhiều giờ.
Chứa đầy nội dung bạo hành trẻ em, đoạn video 26 giây này vẫn tồn tại trên Facebook hơn 12 giờ cho đến khi tài khoản Thảo **** tự xóa video.
Trước khi bị xóa bỏ, video trên thu hút hơn 5,4 triệu lượt xem, 235.000 lượt chia sẻ và 39.000 tương tác.
Bên dưới phần bình luận, nhiều người cho rằng đoạn video trên không nên tồn tại trên Internet và đặt câu hỏi về khả năng kiểm duyệt của Facebook tại Việt Nam.
""5,4 triệu lượt xem thì phải có người báo cáo nội dung bạo lực này chứ. Hay vì dịch Covid-19 Facebook cho nhân viên kiểm duyệt nghỉ cả rồi?"", tài khoản Facebook Thiện Hoàng bình luận. 
Theo chủ tài khoản Thảo ****, video trên được cô đăng lại, không phải người quay trực tiếp. Vì quá nhiều người cho rằng cô không can thiệp mà còn quay phim nên chủ tài khoản đã xóa bài.
Theo tiêu chuẩn cộng đồng của Facebook, các video bạo lực và phản cảm tùy theo mức độ sẽ được phủ một lớp cảnh báo. 
“Chúng tôi sẽ thêm một nhãn cảnh báo vào nội dung đặc biệt phản cảm hoặc bạo lực. Mục đích là để những người dưới 18 tuổi không thể xem nội dung này và để mọi người biết về tính chất phản cảm hoặc bạo lực trước khi họ nhấp vào xem”, trích chính sách Facebook.
Tuy vậy, với đoạn video bạo hành trẻ em trên Facebook không có bất kỳ phản ứng nào cho đến khi chủ nhân video tự xóa bài viết trước áp lực của dư luận.
Để tăng tương tác cho video livestream quảng cáo, nhiều trang cắt ghép, trình chiếu cả phim đen. Tuy vậy, Facebook vẫn không đủ năng lực để kiểm duyệt những nội dung này ở Việt Nam.
Vốn đã bất lực với nội dung video bạo lực, thuật toán của Facebook còn gặp khó khăn gấp nhiều lần khi xét duyệt livestream.
Cũng trong ngày 9/8, trang Facebook Bình Xịt **** đăng tải đoạn livestream kéo dài hơn 1 giờ. Video này được phát trực tiếp để quảng cáo cho sản phẩm bình xịt chống nước. Để tăng thêm tương tác, trước những đoạn mô tả tính năng sản phẩm, chủ fanpage chèn vào nhiều đoạn video khiêu dâm. 
Những video này dễ dàng vượt qua lớp kiểm duyệt của Facebook và đến nay vẫn tồn tại. Hiện, video livestream trên đã đạt gần 9.000 lượt xem và 200 lượt chia sẻ.
Đây không phải lần đầu Facebook để mặc cho những nội dung bạo lực, khiêu dâm như vậy trên nền tảng tại Việt Nam. Trước đó, ngày 8/7, tài khoản Facebook Âu Triệu. N đăng tải bài viết gồm một đoạn video và 18 hình ảnh một người đàn ông đang tự đâm dao vào bụng. 
Đoạn video quay cận cảnh, nhiều góc máy quá trình tự làm hại bản thân của người đàn ông trên. Với máu me bê bết, hình ảnh và những video này vẫn được lan truyền trên Facebook nhiều ngày sau đó.
Đoạn video người đàn ông tự rạch bụng tại quận 12, TP.HCM được chia sẻ chóng mặt trên Facebook.
Theo đó, đoạn video nhận được hơn 20.000 lượt xem. Bài đăng được chia sẻ 71.000 lượt, 44.000 bình luận và hơn 10.000 lượt tương tác. Để so sánh, một bài viết của ca sĩ Sơn Tùng sau một ngày chỉ nhận được gần 400 lượt chia sẻ và 4.000 bình luận.
Đến ngày 13/7, tức sau 5 ngày đăng tải, bài viết trên mới biến mất khỏi Facebook. Trong suốt 5 ngày tồn tại, hình ảnh và video man rợ trên vượt qua lớp kiểm duyệt của Facebook.
Đáng nói, để thu hút lượt xem video, Facebook áp dụng cơ chế tự động phát. Với cách hoạt động này, đoạn video sẽ ngay lập tức đập vào mắt người dùng khi vô tình lướt qua.
Bên cạnh đó, những hình ảnh chụp cận cảnh người đàn ông tự đâm dao vào bụng không được phủ lớp cảnh báo nào. Trong 18 hình được tài khoản Âu Triệu. N đăng tải, chỉ có một bức hình được thuật toán Facebook phát hiện và phủ lớp cảnh báo.
“Xem một đoạn mà chân tay mình đã bủn rủn cả rồi. Không hiểu sao một video man rợ như vậy lại tồn tại được trên Facebook nhiều ngày như vậy mà không bị gỡ bỏ”, tài khoản Facebook Ái Nhi bình luận bên dưới bài viết.
Bên dưới nội dung bạo lực là các bình luận bán hàng của chủ tài khoản.
Cả hai sự việc trên gợi nhớ lại vụ thảm sát diễn ra năm 2019 tại New Zealand. Vụ xả súng đã cướp đi sinh mạng của 49 người, làm 20 người bị thương. Hành động khủng bố này không chỉ gây bàng hoàng vì số lượng người bị hại, mà còn ở cách mà thủ phạm sử dụng mạng xã hội để phát tán những hành động của mình.
Tay súng tự nhận là Brenton Tarrant đã phát trực tiếp (livestream) cảnh bản thân tiến hành vụ xả súng vào thánh đường Al Noor ở New Zealand hôm 15/3. Hắn đã truyền trực tiếp video dài 17 phút với góc nhìn thứ nhất lên Facebook, đồng thời đăng một bản thông báo 87 trang trên Twitter trước vụ xả súng.
Sự việc khiến Chủ tịch Ủy ban An ninh Nội địa của Hạ viện Mỹ Bennie G. Thompson (nghị sĩ đảng Dân chủ từ bang Mississippi) viết thư gửi lãnh đạo các công ty Facebook, YouTube, Twitter và Microsoft yêu cầu một buổi điều trần vào ngày 27/3/2019.
Cảnh quay vụ thảm sát tại New Zealand trên Facebook.
Ngoài ra, ngày 25/3/2019, một tổ chức đại diện cho hàng triệu người Hồi giáo ở Pháp thông báo kiện Facebook và YouTube vì cho phép video vụ xả súng được phát tán.
Hội đồng Tín ngưỡng Hồi giáo Pháp (CFCM) cho biết họ đâm đơn kiện các chi nhánh ở Pháp của hai công ty công nghệ nói trên vì đã cho phép “phát tán thông điệp có nội dung bạo lực, có mục đích khủng bố, hoặc nội dung vi phạm nghiêm trọng nhân phẩm và để trẻ vị thành niên xem được”, theo đơn kiện mà hãng tin AFP tiếp cận được. Ở Pháp, những tội danh đó có thể chịu án ba năm tù và 85.000 USD tiền phạt.

Hàng chục trang Facebook đang sử dụng hình ảnh người nổi tiếng như Sơn Tùng, Trấn Thành, Quang Hải... để quảng cáo cho web cá cược trái phép tại Việt Nam."
https://zingnews.vn/khi-youtube-facebook-coi-phu-le-kha-banh-la-nguoi-cua-cong-chung-post1118510.html,,,"Sau Khá Bảnh, trào lưu ""giang hồ mạng"" tiếp tục lan rộng bởi Phú Lê. Nguyên nhân là sự kiểm duyệt yếu kém của các nền tảng như Facebook, Google tại Việt Nam.",Công nghệ,[],"""Don't be evil"" (không thành kẻ xấu) là khẩu hiệu kinh doanh của Google. Nhưng qua nền tảng YouTube, cái xấu vẫn ngày ngày được lan rộng, đem về cho mạng xã hội video này hàng trăm triệu lượt xem. Đương nhiên, đi kèm đó là các hợp đồng quảng cáo.
Nhắc đến giang hồ mạng, mọi người sẽ nghĩ ngay đến YouTube. Không phải ngẫu nhiên mà các cái tên bất hảo trong thế giới giang hồ mạng đều được biết đến từ nền tảng video trực tuyến này. Từ Khá Bảnh, Dương Minh Tuyền, Huấn Hoa Hồng đến Phú Lê đều trở nên nổi tiếng hơn từ YouTube. 
Văn hóa giang hồ đang lan rộng trên Internet nhờ sự giúp sức của các nền tảng như YouTube, Facebook.
Gọi là bất hảo bởi cả 4 cái tên được nhắc đến bên trên đều vi phạm pháp luật trong lúc phát triển kênh YouTube với nội dung đầy bạo lực. Năm 2017, Khá Bảnh ""xộ khám"" vì tội tổ chức đánh bạc. Cùng năm, Dương Minh Tuyền chịu 32 tháng tù vì tội Gây rối trật tự công cộng và Hủy hoại tài sản. Trong khi đó, Huấn Hoa Hồng không ít lần bị bắt đi cai nghiện cưỡng bức vì sử dụng chất kích thích.
Mới đây nhất là Phú Lê, người thường xuyên rao giảng đạo đức, ""nghĩa khí giang hồ"" trên YouTube bị khởi tố vì tội Cố ý gây thương tích hai người phụ nữ lớn tuổi.
Điểm chung của 4 cái tên giang hồ mạng trên là họ đều sở hữu kênh YouTube có hàng trăm triệu lượt xem. Điều này giúp tư tưởng bạo lực, văn hóa giang hồ được truyền bá diện rộng. Đồng thời, việc YouTube trao nút vàng, nút bạc cho kênh của nhóm giang hồ mạng này phần nào khuyến khích nhân rộng tư tưởng này.
Tương tự, Huấn Hoa Hồng, Dương Minh Tuyền và Phú Lê trong nhiều video họ đều kêu gọi người xem nhấn đăng ký, chia sẻ để họ sớm có được những chứng chỉ vàng, bạc do YouTube cấp.
Năm 2017, cơ quan điều tra cho biết Khá Bảnh thời gian đầu được 7.000 - 8.000 USD/tháng (khoảng 160-185 triệu đồng), tháng cao nhất được trả lên tới 19.500 USD (khoảng 450 triệu đồng).
Khi Khá Bảnh bị bắt, YouTube mới bắt đầu xóa kênh của người này. Trả lời Zing, YouTube đưa ra lý do kênh của Khá Bảnh bị xóa là bởi nó làm ""tổn hại đến danh tiếng chung của cộng đồng nhà sáng tạo nội dung trong mắt các nhà quảng cáo"".
Ám ảnh sự nổi tiếng khiến giang hồ mạng ngày càng hoạt động mạnh mẽ.
YouTube không thừa nhận đây là nội dung xấu, độc hại với người xem. ""Hành vi tiêu cực tổn hại hình ảnh"" là khái niệm mơ hồ, không nêu được bản chất những gì đang xảy ra với kênh Khá Bảnh và những giang hồ mạng khác.
Chính sự mơ hồ này khiến trào lưu giang hồ mạng không bị chấm dứt từ 2 năm trước mà tiếp tục nở rộ đến nay. Trong đó, cái tên Phú Lê là một điển hình.
Hiện, kênh YouTube của Phú Lê có 1,96 triệu người đăng ký và hơn 310 triệu lượt xem. Để so sánh, ca sĩ Bích Phương hiện có số người đăng ký kênh YouTube là 1,96 triệu, rapper Binz có 980.000 theo dõi và nghệ sĩ Việt Hương là 1,2 triệu lượt. 
Giữa ca sĩ, rapper, diễn viên và một giang hồ mạng điển hình thì với YouTube, độ nổi tiếng được xếp ngang hàng nhau.
Bên cạnh câu chuyện hư danh nút vàng, nút bạc, YouTube cũng được xem là bầu sữa nuôi sống cái xấu, cái ác.
Như trường hợp của Phú Lê, người này kiếm tiền, kinh doanh phần nhiều dựa trên nền tảng YouTube. 
Theo SocialBlade, ước tính kênh YouTube của Phú Lê nhận được từ 3.700-60.000 USD mỗi tháng tiền quảng cáo từ những nội dung giang hồ mạng. Ngoài ra, YouTube cũng giúp Phú Lê kiếm tiền từ việc quảng bá các loại thực phẩm chức năng, thuốc tăng cường sinh lực.
 Điều này lý giải vì sao Phú Lê mạnh tay đầu tư hàng trăm triệu để quay những video đầy máu me và bạo lực như Chạm mặt giang hồ phần 1 và phần 2.
Với vài trăm triệu đồng làm MV, thứ Phú Lê nhận lại là sự nổi tiếng trong giới giang hồ, kênh quảng bá sản phẩm thực phẩm chức năng và cả tiền quảng cáo từ YouTube.
Ngoài YouTube, Facebook cũng tạo điều kiện để Phú Lê từ một gã giang hồ bước chân vào thế giới của sự nổi tiếng. Theo đó, trang cá nhân của Phú Lê được Facebook cấp tick xanh từ năm 2019. 
Facebook định nghĩa tick xanh cho người dùng biết tài khoản đã được xác nhận chính chủ dành cho người của công chúng, người nổi tiếng hoặc các nhãn hiệu toàn cầu.
Ngôn ngữ, hành động bạo lực lan truyền trên Internet rất nhanh nhờ sự giúp sức của các nền tảng như Facebook, YouTube.
Ngoài Phú Lê,  Huấn Hoa Hồng cũng được mạng xã hội này xác nhận là ""người của công chúng"" dù liên tiếp sử dụng ma túy, phát ngôn chửi bới trên trang cá nhân. Điều này khiến việc trở thành người nổi tiếng theo ""chuẩn"" của Facebook đang dần vô giá trị.
Không chỉ vô giá trị khi tick xanh xuất hiện bừa bãi mà còn bởi dấu xác nhận này không giúp được gì cho người sở hữu.
Gần đây nhất là câu chuyện Ivanovic. Dù sở hữu trang tick xanh nhưng khi bị hacker chiếm quyền, livestream bán quần áo, Facebook hoàn toàn không có sự hỗ trợ nào.
Đồng thời, fanpage tick xanh cũng đang trở thành món hàng béo bở trên chợ đen. Với tính năng quảng cáo livestream hái ra tiền, nhiều người bán hàng online luôn muốn sở hữu một trang như vậy. Nhu cầu này khiến trang tick xanh trở thành mục tiêu mới của các hacker.
Nhiều chuyên gia cho rằng cách quản lý tài khoản tick xanh này của Facebook có thể dẫn đến những hệ lụy to lớn về sau.
""Đặc quyền của fanpage tick xanh là có thể mua quảng cáo cho video phát trực tiếp. Facebook không thể kiểm duyệt nội dung của quảng cáo livestream nhưng vẫn muốn nhận tiền từ quảng cáo. Bằng chứng là hàng giả với logo của các thương hiệu được bán công khai trong livestream"", Minh Phương, chuyên gia Digital Marketing từ SeaEvent cho biết.

Trước khi bị điều tra về hành vi cố ý gây thương tích 2 người phụ nữ lớn tuổi, Lê Văn Phú thường xuyên đóng MV ca hát, rao giảng đạo lý giang hồ trên YouTube."
https://zingnews.vn/tinh-nang-moi-giup-iphone-ipad-chien-game-tot-hon-post1100482.html,,,"Những tính năng mới trên iOS và iPadOS 14 hứa hẹn mang đến trải nghiệm chơi game gần giống máy console cho iPhone, iPad.",Công nghệ,[],"Trên iOS 13 phát hành năm ngoái, Apple đã trang bị tính năng kết nối tay cầm chơi game DualShock 4 của PS4 và tay cầm Xbox One, cho phép chơi các tựa game quen thuộc như Asphalt, Fortnite trên iPhone, iPad với trải nghiệm tương tự máy chơi game.
iOS 14 bổ sung hàng loạt tính năng mới hỗ trợ người dùng chơi game tốt hơn. Ảnh: Tom's Guide.
Với phiên bản iOS 14 được giới thiệu ngày 22/6 vừa qua, Apple tiếp tục bổ sung những tính năng mới dành cho việc chơi game bằng tay cầm, hứa hẹn mang đến trải nghiệm tốt hơn cho người dùng.
Theo Digital Trends, một số tính năng mới dành cho tay cầm chơi game trên iOS 14 gồm remap (thay đổi tính năng từng nút bấm trong game), rumble (phản hồi rung) và nhận diện chuyển động. Nhà phát triển sẽ cần cập nhật game để bổ sung những tính năng này.
Trên tay cầm DualShock 4 có một dải đèn LED đổi màu (lightbar), các game iOS sẽ có thể đổi màu lightbar tùy bối cảnh trong game (màn chơi, tình tiết, lượng máu của nhân vật...). Không chỉ vậy, người chơi có thể dùng touchpad trên tay cầm để vuốt chạm tương tự khi chơi trên PS4.
Một tính năng nổi bật dành cho người dùng chơi game trên iOS 14 là sự trở lại của Game Center - ứng dụng theo dõi tiến trình chơi game và kết nối bạn bè. Giao diện mới của Game Center cho phép truy cập bảng xếp hạng, thành tích và mời bạn bè cùng chơi game một cách dễ dàng hơn.
Ứng dụng Game Center sẽ quay lại trên iOS 14 và iPadOS 14, hỗ trợ thêm macOS và tvOS. Ảnh: Apple.
Tiếp theo, Apple cho biết iOS 14 sẽ hỗ trợ tay cầm Xbox Elite Series 2, song chưa cho biết liệu tay cầm DualSense của PS5 và tay cầm mới của Xbox Series X có được hỗ trợ không.
Ngoài những tính năng dành riêng cho chơi game, iOS 14 và iPadOS 14 còn bổ sung App Library - màn hình sắp xếp ứng dụng theo chủ đề, khả năng thêm widget vào màn hình chính, thay đổi trình duyệt và hộp mail mặc định, ứng dụng dịch văn bản mới, chế độ picture-in-picture cho phép video hiện trên những ứng dụng khác... 
iOS 14 hỗ trợ iPhone 6s trở lên, trong khi iPadOS 14 tương thích với những chiếc iPad ra mắt kể từ iPad Air 2 năm 2014. 
Apple đang phát hành iOS 14 phiên bản thử nghiệm cho lập trình viên, trong khi bản thử nghiệm cho người dùng dự kiến phát hành vào tháng 7 trước khi tung ra bản chính thức vào mùa thu năm nay.

Apple ngày càng nghiêm túc trong việc bảo vệ dữ liệu người dùng. Đó là điều Facebook, Google sợ nhất.

TikTok xác nhận đây chỉ là tính năng giúp phát hiện hành vi spam lặp đi lặp lại, công ty đã cập nhật phiên bản tương thích với iOS mới lên App Store."
https://zingnews.vn/30-vu-tung-tin-gia-ve-dich-covid-19-bi-xu-ly-trong-5-ngay-qua-post1114635.html,,,"Sau khi Đà Nẵng xuất hiện ca dương tính với SARS-CoV-2, ngay lập tức thông tin sai sự thật về dịch Covid-19 tái bùng phát trên mạng xã hội.",Công nghệ,[],"Những thông tin vô lý, không căn cứ, thậm chí là bịa đặt liên tục xuất hiện trên mạng xã hội và được chia sẻ với tốc độ chóng mặt mấy ngày qua. 
Lý do thì muôn hình vạn trạng, người đưa tin muốn tỏ ra mình biết được nhiều thông tin bí mật, quan hệ rộng, tiếp xúc với nhiều nguồn tin. Một số người khác thì muốn khoe mẽ trong một cộng đồng ảo, có người thì lý do chỉ muốn tăng lượng tương tác để bán hàng online.
Tin giả nhanh chóng xuất hiện rồi cũng nhanh chóng bị gỡ bỏ khi cơ quan chức năng vào cuộc quyết liệt xử lý những trường hợp vi phạm. Mới đây, hai chủ tài khoản đã bị cơ quan công an xử phạt 7,5 triệu đồng do đăng lại tin giả về phát ngôn của Phó Thủ tướng Vũ Đức Đam về công tác phòng chống dịch Covid-19.
Tin giả kèm hình ảnh Phó Thủ tướng đang được chia sẻ tràn lan trên Facebook.
Một loạt những chủ tài khoản Facebook khác làm clip có nội dung kỳ thị người Đà Nẵng hay ""Bày cách người dân tự chữa bệnh ở nhà"", tất cả trường hợp vi phạm đều đã gỡ bài viết và bị xử phạt. 
Thống kê mới nhất, trong 5 ngày vừa qua, cả nước đã có 30 trường hợp vi phạm đăng tin sai sự thật gây hoang mang dư luận bị cơ quan chức năng xử lý.
Cơ quan chức năng khuyến nghị người dân cần cẩn trọng, không đăng và chia sẻ thông tin chưa được kiểm chứng. Theo Nghị định mới, các hành vi chia sẻ, tung tin giả mạo lên Facebook và các mạng xã hội, gây hoang mang dư luận sẽ bị xử phạt lên tới 20 triệu đồng, thậm chí bị xử lý hình sự, tùy mức độ nghiêm trọng.

Sau lời thách thức ai đủ bản lĩnh cứ lấy lại Facebook cho Ivanovic, người giữ tài khoản cựu cầu thủ Chelsea tiếp tục mạo danh để tung tin giả.

Ngày 29/7, tài khoản Facebook Đ.T.H. đăng bài trong group kín để cảnh báo việc mình bị lừa 12 triệu đồng khi mua khẩu trang trên mạng."
https://zingnews.vn/lang-le-go-tick-xanh-cach-facebook-xu-ly-vu-ivanovic-bi-hack-post1114903.html,,,Facebook đáp trả bằng việc lặng lẽ gỡ tick xanh trên trang Ivanovic dù trước đó họ nhận tiền để quảng cáo livestream trên fanpage này.,Công nghệ,[],"Cuối tháng 7, người hâm mộ Branislav Ivanovic tỏ ra bất bình khi tài khoản Facebook có tick xanh của cựu cầu thủ Chelsea bị chiếm quyền, livestream bán hàng.
Cụ thể, ngày 30/7, tài khoản của cầu thủ Serbia đăng tải video livestream bán hàng. Nữ nhân vật trong video bán các loại áo thun với phần giới thiệu bằng tiếng Việt. “Dọn kho cuối tháng - giá nào cũng phang”, tựa đề video livestream nêu rõ đây là một buổi bán hàng trực tuyến.
Thanh niên người Việt livestream trên fanpage của Ivanovic.
Đồng thời, video livestream trên mua quảng cáo từ Facebook với hơn 2.000 lượt tương tác.
Sau phản ứng gay gắt từ cộng đồng, người nắm page đã phát đi một đoạn livestream với nội dung thách thức. Theo đó, nhân vật trong video cho biết ai đủ khả năng thì cứ lấy lại fanpage này rồi trả cho Ivanovic. 
Đồng thời, nhân vật chính của buổi livestream cũng tuyên bố sẽ chặn tất cả tài khoản có yêu cầu tương tự. Cảnh nền của video livestream có dòng chữ “Công ty TNHH Thương mại và Phát triển Dịch vụ Hoàng Gia”.
Trong nhiều bài đăng sau đó, người quản lý trang này tiếp tục đăng tin giả, lừa gạt người hâm mộ Ivanovic. Theo đó, ngày 1/8, fanpage này đăng tải bài viết kèm hình ảnh thông báo Ivanovic đã lấy lại được tài khoản Facebook.
Sau phản ảnh của Zing, ngày 2/8, Facebook xóa tick xanh trên tài khoản của Ivanovic nhưng không đưa ra phản hồi.
“Tôi lấy lại được Facebook từ hacker Việt Nam. Cảm ơn tất cả hacker để giúp tài khoản của tôi được biết đến rộng rãi hơn. Một lần nữa cảm ơn”, nội dung dòng trạng thái viết.
Tuy vậy, đây thực chất chỉ là một trò lừa. Trong phần minh bạch trang, tài khoản đang quản lý fanpage của Ivanovic vẫn là một người ở Việt Nam.
Zing liên hệ đại diện Facebook Việt Nam, đặt câu hỏi về chính sách bảo mật của mạng xã hội này. Đáp lại, Facebook giữ im lặng. 
Cùng ngày 2/8, Facebook lặng lẽ “gỡ” tick xanh trên fanpage của Ivanovic. Đây được xem là động thái duy nhất mà mạng xã hội này can thiệp khi chính người dùng của họ bị tấn công.
Cách làm này khiến người hâm mộ Ivanovic phản ứng dữ dội. ""Sao Facebook có thể làm như vậy nhỉ. Trang của người nổi tiếng bị hack thay vì thu hồi trả lại cho khổ chủ thì bỏ luôn tick xanh"", tài khoản Mai Hoàng bình luận trong video livestream sáng 3/8 của trang Ivanovic.
Nhiều chuyên gia cho rằng cách quản lý tài khoản tick xanh này của Facebook có thể dẫn đến những hệ lụy to lớn về sau.
""Đặc quyền của fanpage tick xanh là có thể mua quảng cáo cho video phát trực tiếp. Facebook không thể kiểm duyệt nội dung của quảng cáo livestream nhưng vẫn muốn nhận tiền từ quảng cáo. Bằng chứng là hàng giả với logo của các thương hiệu được bán công khai trong livestream"", Minh Phương, chuyên gia Digital Marketing từ SeaEvent cho biết.
Nhiều loại hàng nhái được quảng cáo trên fanpage tick xanh của Ivanovic.
Theo ông Phương, Facebook chỉ cho phép quảng cáo livestream trên trang tick xanh để đảm bảo những nội dung tiêu cực, thù địch trong video livestream không bị lan truyền bởi những người chưa được xác minh.
Tuy vậy, với việc hàng loạt trang tick xanh bị chiếm quyền như hiện nay, cách làm trên của Facebook có vẻ đã không còn hiệu quả. ""Chẳng may người chiếm quyền trang tick xanh của Ivanovic livestream và mua quảng cáo tiếp cận người dùng với nội dung thù địch, bạo lực thì lúc đó Facebook chỉ còn biết tiếp tục nói lời xin lỗi"", ông Phương nói thêm.
Theo lịch sử trang, fanpage Ivanovic được thành lập từ tháng 11/2015 với tên Branislav Ivanovic. Đến ngày 10/7 bị đổi tên thành Ivanovic. Hiện trang này đang được quản lý bởi một người dùng tại Việt Nam. Thậm chí, trên phần mô tả của trang vẫn còn thông tin về website của Chelsea.

Hàng loạt fanpage tick xanh của người nổi tiếng đang bị chiếm quyền và livestream bán hàng. Facebook vẫn nhận tiền để quảng cáo những video này.

Sau lời thách thức ai đủ bản lĩnh cứ lấy lại Facebook cho Ivanovic, người giữ tài khoản cựu cầu thủ Chelsea tiếp tục mạo danh để tung tin giả."
https://zingnews.vn/facebook-ivanovic-bi-hack-nguoi-viet-len-livestream-ban-hang-post1113280.html,,,"Ngày 20/7, người dùng phát hiện trang Facebook chính thức của cựu trung vệ Chelsea Ivanovic bị biến thành một fanpage livestream bán hàng.",Công nghệ,[],"Ngày 12/7, trang Facebook có tick xanh của Branislav Ivanovic, trung vệ của Chelsea bất ngờ thanh đổi ảnh đại diện một cô gái. Nhiều bình luận bên dưới cho rằng tài khoản của cầu thủ Ivanovic đã bị tấn công chiếm quyền.
2 tuần trước, fanpage đột nhiên giao tiếp với người dùng bằng tiếng Việt.
Trong phần bình luận của ảnh đại diện, tài khoản Ivanovic giới thiệu mình là người Việt Nam. “Lại là mình đây, Việt Nam number 1”, tài khoản Ivanovic viết. Các bình luận tương tác với những người dùng khác, tài khoản Ivanovic đều sử dụng tiếng Việt.
Đến ngày 30/7, tài khoản của cầu thủ Serbia đăng tải video livestream bán hàng. Nữ nhân vật trong video bán các loại áo thun với phần giới thiệu bằng tiếng Việt. “Dọn kho cuối tháng - giá nào cũng phang”, tựa đề video livestream nêu rõ đây là một buổi bán hàng trực tuyến.
Livestream này biến mất ngay sau khi kết thúc.
Theo lịch sử trang, fanpage này được thành lập từ tháng 11/2015 với tên Branislav Ivanovic. Đến ngày 10/7 bị đổi tên thành Ivanovic. Hiện trang này đang được quản lý bởi một người dùng tại Việt Nam. Thậm chí, trên phần mô tả của trang vẫn còn thông tin về website của Chelsea.
Đây không phải lần đầu tiên một cầu thủ nổi tiếng có Facebook với dấu tick xanh bị hacker tấn công. Trước đó, ngày 23/6, tài khoản Facebook của cầu thủ Quang Hải cũng bị chiếm quyền. Nhiều đoạn tin nhắn nhạy cảm bị tiết lộ trên mạng xã hội.
Fanpage của cựu trung vệ Chelsea bị đổi tên và chiếm quyền quản lý bởi một người Việt.
Dù được xác nhận bởi Facebook, các tài khoản mang tick xanh không được mạng xã hội bảo vệ, hỗ trợ trực tiếp. Hacker vẫn có thể chiếm quyền đăng nhập và đăng tải nhiều thông tin cá nhân. Trước đó, năm 2018, tài khoản có dấu tick xanh của Sơn Tùng M-TP và nhiều nghệ sĩ khác tại VN cũng từng bị khóa bởi các thủ thuật của hacker. 
Theo Facebook, tick xanh chỉ có nghĩa tài khoản đã được xác nhận chính chủ dành cho người của công chúng, người nổi tiếng hoặc các nhãn hiệu toàn cầu mà tài khoản đại diện. Tick xanh chưa bao giờ là kim bài miễn tử của người nổi tiếng và các thương hiệu trên mạng xã hội Facebook.

Dù âm thầm kiếm hàng tỷ USD từ Trung Quốc, Facebook vẫn cho rằng nền tảng của họ là minh chứng cho sự thành công trong việc kìm hãm các công ty công nghệ Trung Quốc."
